ticket_id,bus_id,route_id,source_stop,destination_stop,boarding_date,boarding_time,passenger_count
TKT00001,B101,R01,S09,S10,01-09-2026,18:23,1
TKT00002,B201,R02,S17,S18,02-09-2026,12:12,1
TKT00003,B303,R03,S22,S23,03-09-2026,07:08,1
TKT00004,B402,R04,S07,S06,04-09-2026,18:10,3
TKT00005,B101,R01,S01,S06,05-09-2026,16:20,1
TKT00006,B301,R03,S15,S07,06-09-2026,08:08,3
TKT00007,B303,R03,S15,S22,07-09-2026,09:14,3
TKT00008,B202,R02,S16,S18,08-09-2026,17:57,3
TKT00009,B502,R05,S11,S13,09-09-2026,18:12,2
TKT00010,B303,R03,S15,S22,10-09-2026,07:18,3
TKT00011,B103,R01,S04,S07,11-09-2026,17:55,3
TKT00012,B202,R02,S16,S17,12-09-2026,08:29,2
TKT00013,B101,R01,S04,S06,13-09-2026,13:19,1
TKT00014,B201,R02,S14,S16,14-09-2026,11:00,1
TKT00015,B101,R01,S07,S08,01-09-2026,08:06,2
TKT00016,B303,R03,S19,S20,02-09-2026,19:43,3
TKT00017,B301,R03,S15,S23,03-09-2026,07:23,1
TKT00018,B402,R04,S26,S28,04-09-2026,19:22,1
TKT00019,B501,R05,S02,S03,05-09-2026,11:05,1
TKT00020,B203,R02,S16,S17,06-09-2026,14:53,1
TKT00021,B102,R01,S05,S10,07-09-2026,19:48,3
TKT00022,B503,R05,S13,S07,08-09-2026,09:08,2
TKT00023,B403,R04,S03,S28,09-09-2026,17:57,3
TKT00024,B103,R01,S04,S07,10-09-2026,18:33,2
TKT00025,B202,R02,S13,S15,11-09-2026,20:21,2
TKT00026,B101,R01,S08,S09,12-09-2026,17:14,1
TKT00027,B102,R01,S07,S09,13-09-2026,18:28,2
TKT00028,B503,R05,S02,S04,14-09-2026,15:38,1
TKT00029,B201,R02,S11,S17,01-09-2026,17:58,1
TKT00030,B301,R03,S20,S23,02-09-2026,12:06,1
TKT00031,B202,R02,S13,S16,03-09-2026,07:20,1
TKT00032,B103,R01,S04,S05,04-09-2026,07:09,1
TKT00033,B302,R03,S21,S23,05-09-2026,09:09,2
TKT00034,B402,R04,S06,S01,06-09-2026,13:23,3
TKT00035,B501,R05,S02,S07,07-09-2026,20:23,2
TKT00036,B203,R02,S14,S17,08-09-2026,17:35,2
TKT00037,B203,R02,S14,S15,09-09-2026,14:48,2
TKT00038,B402,R04,S25,S06,10-09-2026,07:58,1
TKT00039,B103,R01,S07,S09,11-09-2026,18:47,2
TKT00040,B201,R02,S13,S17,12-09-2026,07:32,3
TKT00041,B303,R03,S16,S22,13-09-2026,17:13,2
TKT00042,B101,R01,S07,S09,14-09-2026,08:03,1
TKT00043,B103,R01,S05,S10,01-09-2026,07:58,2
TKT00044,B203,R02,S16,S18,02-09-2026,18:03,2
TKT00045,B401,R04,S26,S07,03-09-2026,17:28,2
TKT00046,B403,R04,S24,S03,04-09-2026,08:34,2
TKT00047,B402,R04,S24,S28,05-09-2026,07:12,5
TKT00048,B103,R01,S01,S03,06-09-2026,06:27,2
TKT00049,B401,R04,S26,S07,07-09-2026,18:22,2
TKT00050,B501,R05,S03,S07,08-09-2026,15:08,1
TKT00051,B301,R03,S19,S07,09-09-2026,19:57,4
TKT00052,B103,R01,S07,S09,10-09-2026,10:22,2
TKT00053,B203,R02,S13,S02,11-09-2026,11:52,2
TKT00054,B201,R02,S17,S18,12-09-2026,17:31,2
TKT00055,B103,R01,S08,S09,13-09-2026,19:28,1
TKT00056,B301,R03,S15,S20,14-09-2026,17:07,1
TKT00057,B503,R05,S04,S20,01-09-2026,08:21,1
TKT00058,B402,R04,S25,S26,02-09-2026,19:24,4
TKT00059,B101,R01,S07,S10,03-09-2026,07:42,1
TKT00060,B403,R04,S26,S05,04-09-2026,21:01,1
TKT00061,B403,R04,S03,S01,05-09-2026,08:26,3
TKT00062,B302,R03,S16,S15,06-09-2026,10:29,1
TKT00063,B301,R03,S20,S21,07-09-2026,13:03,1
TKT00064,B501,R05,S31,S20,08-09-2026,09:44,2
TKT00065,B303,R03,S07,S23,09-09-2026,09:46,1
TKT00066,B101,R01,S04,S07,10-09-2026,07:10,1
TKT00067,B202,R02,S16,S17,11-09-2026,19:16,2
TKT00068,B303,R03,S22,S23,12-09-2026,11:24,1
TKT00069,B501,R05,S07,S20,13-09-2026,17:49,2
TKT00070,B201,R02,S15,S16,14-09-2026,16:11,2
TKT00071,B303,R03,S06,S07,01-09-2026,09:59,2
TKT00072,B301,R03,S20,S21,02-09-2026,09:16,3
TKT00073,B202,R02,S15,S17,03-09-2026,08:01,2
TKT00074,B202,R02,S13,S02,04-09-2026,09:14,1
TKT00075,B402,R04,S24,S25,05-09-2026,17:09,5
TKT00076,B102,R01,S02,S09,06-09-2026,08:53,2
TKT00077,B502,R05,S07,S20,07-09-2026,17:44,3
TKT00078,B101,R01,S06,S07,08-09-2026,07:57,3
TKT00079,B302,R03,S21,S22,09-09-2026,18:52,2
TKT00080,B101,R01,S04,S08,10-09-2026,10:37,1
TKT00081,B301,R03,S15,S07,11-09-2026,13:56,2
TKT00082,B301,R03,S20,S23,12-09-2026,10:50,3
TKT00083,B303,R03,S07,S20,13-09-2026,10:17,2
TKT00084,B203,R02,S14,S16,14-09-2026,18:53,2
TKT00085,B101,R01,S08,S09,01-09-2026,13:25,1
TKT00086,B203,R02,S13,S02,02-09-2026,09:36,3
TKT00087,B102,R01,S07,S10,03-09-2026,09:34,1
TKT00088,B101,R01,S03,S07,04-09-2026,08:31,1
TKT00089,B202,R02,S15,S17,05-09-2026,21:32,1
TKT00090,B203,R02,S16,S17,06-09-2026,16:07,1
TKT00091,B102,R01,S01,S04,07-09-2026,08:06,2
TKT00092,B402,R04,S06,S05,08-09-2026,15:32,1
TKT00093,B502,R05,S13,S03,09-09-2026,18:25,2
TKT00094,B103,R01,S05,S07,10-09-2026,18:27,3
TKT00095,B103,R01,S05,S07,11-09-2026,17:39,2
TKT00096,B403,R04,S03,S01,12-09-2026,14:02,1
TKT00097,B101,R01,S07,S09,13-09-2026,21:28,1
TKT00098,B302,R03,S15,S19,14-09-2026,14:58,1
TKT00099,B502,R05,S04,S20,01-09-2026,17:03,1
TKT00100,B102,R01,S01,S02,02-09-2026,19:36,3
TKT00101,B502,R05,S03,S07,03-09-2026,20:52,1
TKT00102,B202,R02,S13,S18,04-09-2026,15:39,2
TKT00103,B103,R01,S08,S10,05-09-2026,10:01,1
TKT00104,B301,R03,S22,S23,06-09-2026,14:52,1
TKT00105,B101,R01,S04,S07,07-09-2026,19:02,4
TKT00106,B303,R03,S15,S19,08-09-2026,14:33,1
TKT00107,B101,R01,S05,S08,09-09-2026,19:54,4
TKT00108,B401,R04,S03,S28,10-09-2026,18:10,2
TKT00109,B401,R04,S05,S28,11-09-2026,17:32,4
TKT00110,B503,R05,S07,S20,12-09-2026,08:23,3
TKT00111,B101,R01,S07,S09,13-09-2026,09:35,1
TKT00112,B201,R02,S11,S13,14-09-2026,09:09,1
TKT00113,B101,R01,S07,S09,01-09-2026,07:10,2
TKT00114,B102,R01,S09,S10,02-09-2026,08:00,4
TKT00115,B102,R01,S05,S09,03-09-2026,18:59,2
TKT00116,B102,R01,S02,S08,04-09-2026,13:32,1
TKT00117,B401,R04,S03,S28,05-09-2026,15:57,2
TKT00118,B201,R02,S15,S17,06-09-2026,19:11,3
TKT00119,B202,R02,S02,S16,07-09-2026,08:48,1
TKT00120,B102,R01,S04,S07,08-09-2026,08:38,3
TKT00121,B102,R01,S05,S09,09-09-2026,18:15,4
TKT00122,B502,R05,S29,S30,10-09-2026,14:38,2
TKT00123,B101,R01,S05,S07,11-09-2026,07:20,2
TKT00124,B302,R03,S19,S23,12-09-2026,12:40,1
TKT00125,B102,R01,S02,S06,13-09-2026,18:22,2
TKT00126,B102,R01,S04,S10,14-09-2026,08:37,1
TKT00127,B203,R02,S11,S18,01-09-2026,09:17,2
TKT00128,B101,R01,S03,S04,02-09-2026,19:46,2
TKT00129,B102,R01,S03,S05,03-09-2026,18:39,1
TKT00130,B302,R03,S15,S19,04-09-2026,12:30,4
TKT00131,B101,R01,S05,S08,05-09-2026,17:05,2
TKT00132,B101,R01,S01,S02,06-09-2026,18:09,1
TKT00133,B403,R04,S05,S03,07-09-2026,09:00,2
TKT00134,B103,R01,S05,S08,08-09-2026,17:09,2
TKT00135,B203,R02,S14,S15,09-09-2026,19:36,3
TKT00136,B301,R03,S15,S20,10-09-2026,11:44,1
TKT00137,B503,R05,S02,S04,11-09-2026,08:26,3
TKT00138,B102,R01,S07,S09,12-09-2026,08:10,3
TKT00139,B101,R01,S05,S10,13-09-2026,17:41,1
TKT00140,B503,R05,S04,S20,14-09-2026,18:45,3
TKT00141,B102,R01,S02,S06,01-09-2026,08:00,2
TKT00142,B101,R01,S02,S07,02-09-2026,13:30,2
TKT00143,B501,R05,S04,S07,03-09-2026,07:56,4
TKT00144,B203,R02,S02,S15,04-09-2026,20:11,3
TKT00145,B303,R03,S15,S19,05-09-2026,20:32,2
TKT00146,B403,R04,S25,S26,06-09-2026,19:26,3
TKT00147,B101,R01,S02,S09,07-09-2026,06:40,3
TKT00148,B303,R03,S06,S21,08-09-2026,09:42,2
TKT00149,B303,R03,S22,S23,09-09-2026,09:06,3
TKT00150,B202,R02,S17,S18,10-09-2026,17:03,3
TKT00151,B301,R03,S22,S23,11-09-2026,17:48,2
TKT00152,B402,R04,S05,S01,12-09-2026,18:22,2
TKT00153,B403,R04,S03,S01,13-09-2026,15:12,1
TKT00154,B503,R05,S13,S03,14-09-2026,07:46,2
TKT00155,B101,R01,S08,S09,01-09-2026,17:25,2
TKT00156,B203,R02,S16,S17,02-09-2026,06:58,1
TKT00157,B201,R02,S16,S17,03-09-2026,19:42,4
TKT00158,B102,R01,S06,S07,04-09-2026,15:58,4
TKT00159,B502,R05,S02,S03,05-09-2026,10:16,4
TKT00160,B102,R01,S05,S08,06-09-2026,07:00,1
TKT00161,B502,R05,S13,S02,07-09-2026,09:39,1
TKT00162,B503,R05,S03,S07,08-09-2026,09:23,2
TKT00163,B401,R04,S24,S06,09-09-2026,17:27,1
TKT00164,B101,R01,S06,S07,10-09-2026,18:36,3
TKT00165,B102,R01,S05,S09,11-09-2026,19:02,1
TKT00166,B402,R04,S03,S28,12-09-2026,09:21,2
TKT00167,B503,R05,S03,S04,13-09-2026,19:53,3
TKT00168,B202,R02,S16,S17,14-09-2026,19:58,3
TKT00169,B301,R03,S07,S20,01-09-2026,18:40,2
TKT00170,B202,R02,S15,S16,02-09-2026,16:21,2
TKT00171,B303,R03,S16,S07,03-09-2026,08:06,5
TKT00172,B102,R01,S07,S09,04-09-2026,19:17,1
TKT00173,B303,R03,S22,S23,05-09-2026,09:48,1
TKT00174,B502,R05,S30,S13,06-09-2026,18:00,1
TKT00175,B401,R04,S03,S28,07-09-2026,10:50,1
TKT00176,B102,R01,S01,S03,08-09-2026,13:47,1
TKT00177,B103,R01,S09,S10,09-09-2026,16:51,3
TKT00178,B402,R04,S05,S03,10-09-2026,16:48,2
TKT00179,B103,R01,S02,S05,11-09-2026,09:22,2
TKT00180,B502,R05,S13,S04,12-09-2026,11:41,4
TKT00181,B102,R01,S04,S05,13-09-2026,17:26,2
TKT00182,B503,R05,S30,S13,14-09-2026,18:45,3
TKT00183,B101,R01,S07,S09,01-09-2026,09:11,2
TKT00184,B303,R03,S15,S06,02-09-2026,19:11,2
TKT00185,B201,R02,S17,S18,03-09-2026,16:35,1
TKT00186,B202,R02,S16,S18,04-09-2026,17:38,1
TKT00187,B201,R02,S15,S17,05-09-2026,07:29,1
TKT00188,B103,R01,S03,S07,06-09-2026,17:30,4
TKT00189,B403,R04,S05,S03,07-09-2026,15:56,1
TKT00190,B101,R01,S06,S10,08-09-2026,07:21,2
TKT00191,B403,R04,S25,S06,09-09-2026,18:09,1
TKT00192,B503,R05,S04,S07,10-09-2026,19:33,2
TKT00193,B103,R01,S08,S10,11-09-2026,19:41,2
TKT00194,B103,R01,S05,S07,12-09-2026,19:30,3
TKT00195,B103,R01,S05,S07,13-09-2026,09:54,1
TKT00196,B201,R02,S02,S15,14-09-2026,07:57,4
TKT00197,B501,R05,S04,S20,01-09-2026,09:10,1
TKT00198,B301,R03,S16,S19,02-09-2026,08:46,3
TKT00199,B402,R04,S03,S01,03-09-2026,14:53,2
TKT00200,B501,R05,S13,S20,04-09-2026,08:55,1
TKT00201,B303,R03,S07,S22,05-09-2026,09:56,1
TKT00202,B303,R03,S07,S23,06-09-2026,17:02,4
TKT00203,B402,R04,S25,S26,07-09-2026,17:02,2
TKT00204,B102,R01,S08,S09,08-09-2026,08:05,2
TKT00205,B402,R04,S05,S28,09-09-2026,18:13,1
TKT00206,B401,R04,S28,S01,10-09-2026,08:47,4
TKT00207,B403,R04,S07,S03,11-09-2026,08:30,4
TKT00208,B101,R01,S02,S07,12-09-2026,13:42,1
TKT00209,B503,R05,S07,S20,13-09-2026,07:37,2
TKT00210,B203,R02,S11,S16,14-09-2026,07:48,2
TKT00211,B103,R01,S02,S05,01-09-2026,07:22,4
TKT00212,B401,R04,S06,S03,02-09-2026,13:11,1
TKT00213,B401,R04,S07,S01,03-09-2026,07:05,2
TKT00214,B201,R02,S14,S17,04-09-2026,17:30,3
TKT00215,B202,R02,S17,S18,05-09-2026,13:18,1
TKT00216,B303,R03,S07,S23,06-09-2026,08:32,2
TKT00217,B102,R01,S07,S08,07-09-2026,13:11,1
TKT00218,B102,R01,S07,S09,08-09-2026,18:44,3
TKT00219,B503,R05,S11,S20,09-09-2026,09:35,4
TKT00220,B101,R01,S07,S08,10-09-2026,08:52,2
TKT00221,B101,R01,S04,S05,11-09-2026,12:34,1
TKT00222,B101,R01,S07,S10,12-09-2026,07:03,2
TKT00223,B403,R04,S03,S01,13-09-2026,15:30,1
TKT00224,B101,R01,S07,S10,14-09-2026,13:35,3
TKT00225,B202,R02,S02,S16,01-09-2026,16:58,1
TKT00226,B201,R02,S15,S17,02-09-2026,17:20,4
TKT00227,B402,R04,S24,S01,03-09-2026,08:55,1
TKT00228,B402,R04,S24,S26,04-09-2026,19:16,2
TKT00229,B101,R01,S05,S08,05-09-2026,12:49,1
TKT00230,B203,R02,S13,S02,06-09-2026,08:30,3
TKT00231,B202,R02,S12,S16,07-09-2026,08:07,3
TKT00232,B102,R01,S04,S07,08-09-2026,15:44,1
TKT00233,B302,R03,S07,S20,09-09-2026,19:09,3
TKT00234,B203,R02,S13,S16,10-09-2026,17:34,2
TKT00235,B102,R01,S01,S03,11-09-2026,19:17,1
TKT00236,B101,R01,S04,S05,12-09-2026,13:00,2
TKT00237,B103,R01,S01,S05,13-09-2026,19:49,3
TKT00238,B102,R01,S03,S04,14-09-2026,07:28,2
TKT00239,B101,R01,S06,S09,01-09-2026,10:27,1
TKT00240,B102,R01,S07,S08,02-09-2026,14:13,2
TKT00241,B502,R05,S11,S31,03-09-2026,09:34,3
TKT00242,B101,R01,S07,S08,04-09-2026,09:22,1
TKT00243,B403,R04,S05,S01,05-09-2026,18:32,2
TKT00244,B402,R04,S28,S01,06-09-2026,07:39,2
TKT00245,B201,R02,S11,S13,07-09-2026,07:16,3
TKT00246,B303,R03,S19,S20,08-09-2026,17:54,3
TKT00247,B201,R02,S16,S18,09-09-2026,07:03,3
TKT00248,B102,R01,S03,S08,10-09-2026,12:46,3
TKT00249,B303,R03,S21,S22,11-09-2026,14:20,1
TKT00250,B403,R04,S07,S28,12-09-2026,17:35,2
TKT00251,B503,R05,S03,S04,13-09-2026,09:48,3
TKT00252,B101,R01,S01,S05,14-09-2026,08:49,3
TKT00253,B302,R03,S22,S23,01-09-2026,09:36,1
TKT00254,B401,R04,S07,S05,02-09-2026,10:06,1
TKT00255,B101,R01,S01,S06,03-09-2026,08:46,1
TKT00256,B401,R04,S05,S01,04-09-2026,08:40,1
TKT00257,B303,R03,S19,S07,05-09-2026,19:54,2
TKT00258,B401,R04,S28,S01,06-09-2026,08:33,2
TKT00259,B101,R01,S01,S03,07-09-2026,18:28,3
TKT00260,B101,R01,S07,S10,08-09-2026,19:26,1
TKT00261,B103,R01,S07,S09,09-09-2026,16:39,1
TKT00262,B102,R01,S05,S06,10-09-2026,19:03,2
TKT00263,B403,R04,S28,S01,11-09-2026,11:50,1
TKT00264,B303,R03,S22,S23,12-09-2026,18:29,1
TKT00265,B203,R02,S16,S17,13-09-2026,09:18,4
TKT00266,B203,R02,S15,S16,14-09-2026,11:55,2
TKT00267,B102,R01,S08,S09,01-09-2026,17:11,3
TKT00268,B201,R02,S15,S16,02-09-2026,17:57,2
TKT00269,B501,R05,S03,S20,03-09-2026,18:20,2
TKT00270,B301,R03,S20,S21,04-09-2026,19:32,1
TKT00271,B202,R02,S16,S18,05-09-2026,19:36,1
TKT00272,B202,R02,S16,S18,06-09-2026,08:02,1
TKT00273,B401,R04,S26,S28,07-09-2026,17:46,1
TKT00274,B402,R04,S03,S01,08-09-2026,09:38,2
TKT00275,B201,R02,S17,S18,09-09-2026,17:40,4
TKT00276,B502,R05,S07,S20,10-09-2026,19:44,3
TKT00277,B101,R01,S07,S08,11-09-2026,08:34,4
TKT00278,B102,R01,S08,S09,12-09-2026,06:40,1
TKT00279,B202,R02,S13,S15,13-09-2026,13:12,1
TKT00280,B303,R03,S15,S19,14-09-2026,08:09,3
TKT00281,B101,R01,S09,S10,01-09-2026,15:35,1
TKT00282,B303,R03,S19,S06,02-09-2026,11:56,2
TKT00283,B301,R03,S16,S23,03-09-2026,12:18,1
TKT00284,B301,R03,S22,S23,04-09-2026,19:07,2
TKT00285,B201,R02,S11,S14,05-09-2026,10:19,2
TKT00286,B102,R01,S06,S10,06-09-2026,19:00,4
TKT00287,B501,R05,S29,S13,07-09-2026,16:22,1
TKT00288,B301,R03,S22,S23,08-09-2026,07:37,3
TKT00289,B502,R05,S04,S07,09-09-2026,08:11,2
TKT00290,B401,R04,S05,S03,10-09-2026,07:45,2
TKT00291,B301,R03,S07,S21,11-09-2026,17:44,1
TKT00292,B202,R02,S17,S18,12-09-2026,19:09,2
TKT00293,B301,R03,S22,S23,13-09-2026,18:36,2
TKT00294,B103,R01,S06,S07,14-09-2026,14:46,2
TKT00295,B301,R03,S07,S23,01-09-2026,18:34,4
TKT00296,B501,R05,S04,S07,02-09-2026,09:17,3
TKT00297,B101,R01,S08,S09,03-09-2026,08:02,3
TKT00298,B301,R03,S19,S06,04-09-2026,19:23,3
TKT00299,B203,R02,S14,S16,05-09-2026,16:32,1
TKT00300,B102,R01,S07,S08,06-09-2026,14:36,2
TKT00301,B203,R02,S12,S13,07-09-2026,07:13,3
TKT00302,B303,R03,S22,S23,08-09-2026,08:01,3
TKT00303,B302,R03,S22,S23,09-09-2026,17:23,3
TKT00304,B201,R02,S16,S18,10-09-2026,08:33,2
TKT00305,B102,R01,S09,S10,11-09-2026,12:10,2
TKT00306,B503,R05,S02,S07,12-09-2026,20:17,2
TKT00307,B203,R02,S02,S17,13-09-2026,16:50,2
TKT00308,B202,R02,S12,S18,14-09-2026,09:09,2
TKT00309,B103,R01,S08,S10,01-09-2026,09:39,2
TKT00310,B102,R01,S02,S10,02-09-2026,09:56,3
TKT00311,B101,R01,S07,S08,03-09-2026,13:49,1
TKT00312,B102,R01,S01,S07,04-09-2026,18:54,3
TKT00313,B501,R05,S07,S20,05-09-2026,13:08,3
TKT00314,B401,R04,S05,S03,06-09-2026,18:01,1
TKT00315,B102,R01,S07,S08,07-09-2026,08:41,4
TKT00316,B403,R04,S03,S01,08-09-2026,14:17,1
TKT00317,B301,R03,S06,S21,09-09-2026,16:33,2
TKT00318,B303,R03,S06,S20,10-09-2026,14:37,1
TKT00319,B102,R01,S04,S05,11-09-2026,16:37,2
TKT00320,B401,R04,S03,S28,12-09-2026,09:30,3
TKT00321,B501,R05,S03,S04,13-09-2026,17:48,3
TKT00322,B101,R01,S01,S09,14-09-2026,08:25,2
TKT00323,B303,R03,S22,S23,01-09-2026,15:39,1
TKT00324,B302,R03,S21,S22,02-09-2026,17:49,2
TKT00325,B101,R01,S08,S10,03-09-2026,08:47,2
TKT00326,B402,R04,S06,S05,04-09-2026,08:58,1
TKT00327,B301,R03,S15,S07,05-09-2026,08:53,3
TKT00328,B102,R01,S04,S05,06-09-2026,19:51,1
TKT00329,B402,R04,S07,S05,07-09-2026,19:11,2
TKT00330,B101,R01,S02,S06,08-09-2026,09:14,1
TKT00331,B103,R01,S07,S09,09-09-2026,19:05,2
TKT00332,B101,R01,S02,S04,10-09-2026,09:25,2
TKT00333,B401,R04,S28,S01,11-09-2026,17:43,1
TKT00334,B203,R02,S15,S17,12-09-2026,11:48,3
TKT00335,B101,R01,S06,S08,13-09-2026,14:14,2
TKT00336,B303,R03,S06,S07,14-09-2026,18:58,2
TKT00337,B502,R05,S31,S04,01-09-2026,17:34,2
TKT00338,B101,R01,S07,S09,02-09-2026,14:34,2
TKT00339,B202,R02,S11,S02,03-09-2026,15:30,2
TKT00340,B103,R01,S07,S08,04-09-2026,17:38,2
TKT00341,B202,R02,S17,S18,05-09-2026,19:44,1
TKT00342,B203,R02,S02,S17,06-09-2026,07:08,3
TKT00343,B201,R02,S13,S16,07-09-2026,08:51,3
TKT00344,B401,R04,S07,S03,08-09-2026,16:10,1
TKT00345,B203,R02,S16,S17,09-09-2026,14:07,1
TKT00346,B301,R03,S16,S22,10-09-2026,21:27,1
TKT00347,B201,R02,S11,S17,11-09-2026,15:44,1
TKT00348,B403,R04,S26,S28,12-09-2026,08:11,1
TKT00349,B303,R03,S15,S20,13-09-2026,13:34,1
TKT00350,B102,R01,S08,S09,14-09-2026,15:11,3
TKT00351,B203,R02,S17,S18,01-09-2026,17:06,2
TKT00352,B201,R02,S12,S13,02-09-2026,07:58,4
TKT00353,B303,R03,S07,S22,03-09-2026,14:27,4
TKT00354,B203,R02,S13,S17,04-09-2026,17:29,2
TKT00355,B202,R02,S15,S17,05-09-2026,10:44,1
TKT00356,B201,R02,S14,S15,06-09-2026,19:37,3
TKT00357,B103,R01,S03,S07,07-09-2026,17:48,1
TKT00358,B102,R01,S02,S05,08-09-2026,12:40,3
TKT00359,B503,R05,S11,S04,09-09-2026,16:58,1
TKT00360,B401,R04,S26,S07,10-09-2026,08:38,2
TKT00361,B103,R01,S07,S10,11-09-2026,13:53,1
TKT00362,B201,R02,S13,S02,12-09-2026,09:34,2
TKT00363,B202,R02,S14,S16,13-09-2026,18:00,2
TKT00364,B203,R02,S13,S16,14-09-2026,08:00,2
TKT00365,B401,R04,S05,S03,01-09-2026,17:10,1
TKT00366,B303,R03,S15,S19,02-09-2026,08:43,1
TKT00367,B101,R01,S07,S08,03-09-2026,08:46,1
TKT00368,B101,R01,S07,S08,04-09-2026,19:57,1
TKT00369,B303,R03,S22,S23,05-09-2026,09:59,1
TKT00370,B302,R03,S06,S07,06-09-2026,19:48,2
TKT00371,B102,R01,S08,S10,07-09-2026,09:34,4
TKT00372,B302,R03,S22,S23,08-09-2026,09:25,2
TKT00373,B501,R05,S02,S20,09-09-2026,13:55,1
TKT00374,B301,R03,S21,S22,10-09-2026,08:05,2
TKT00375,B203,R02,S11,S02,11-09-2026,10:38,2
TKT00376,B402,R04,S25,S07,12-09-2026,19:29,3
TKT00377,B401,R04,S24,S06,13-09-2026,16:49,1
TKT00378,B102,R01,S07,S09,14-09-2026,08:40,3
TKT00379,B202,R02,S13,S02,01-09-2026,19:19,1
TKT00380,B101,R01,S09,S10,02-09-2026,18:24,4
TKT00381,B102,R01,S05,S10,03-09-2026,15:27,2
TKT00382,B101,R01,S03,S06,04-09-2026,16:32,2
TKT00383,B401,R04,S25,S07,05-09-2026,09:03,1
TKT00384,B101,R01,S02,S04,06-09-2026,15:51,2
TKT00385,B102,R01,S05,S09,07-09-2026,09:22,2
TKT00386,B101,R01,S07,S09,08-09-2026,16:16,1
TKT00387,B503,R05,S07,S20,09-09-2026,16:47,2
TKT00388,B503,R05,S11,S04,10-09-2026,14:29,1
TKT00389,B201,R02,S02,S17,11-09-2026,19:38,1
TKT00390,B402,R04,S03,S28,12-09-2026,09:38,2
TKT00391,B501,R05,S04,S07,13-09-2026,08:02,1
TKT00392,B302,R03,S06,S20,14-09-2026,10:10,1
TKT00393,B102,R01,S08,S09,01-09-2026,10:10,1
TKT00394,B202,R02,S11,S13,02-09-2026,19:16,3
TKT00395,B402,R04,S28,S01,03-09-2026,08:26,5
TKT00396,B102,R01,S07,S09,04-09-2026,16:36,2
TKT00397,B203,R02,S16,S17,05-09-2026,19:23,3
TKT00398,B203,R02,S16,S18,06-09-2026,08:56,4
TKT00399,B103,R01,S09,S10,07-09-2026,09:46,3
TKT00400,B103,R01,S07,S10,08-09-2026,17:29,2
TKT00401,B501,R05,S13,S20,09-09-2026,13:21,1
TKT00402,B303,R03,S20,S22,10-09-2026,09:01,1
TKT00403,B203,R02,S16,S17,11-09-2026,08:49,2
TKT00404,B103,R01,S02,S10,12-09-2026,16:45,2
TKT00405,B301,R03,S06,S23,13-09-2026,12:27,2
TKT00406,B501,R05,S03,S07,14-09-2026,12:55,1
TKT00407,B303,R03,S07,S21,01-09-2026,07:32,2
TKT00408,B303,R03,S21,S22,02-09-2026,16:31,1
TKT00409,B103,R01,S09,S10,03-09-2026,10:48,1
TKT00410,B301,R03,S20,S22,04-09-2026,19:36,1
TKT00411,B203,R02,S14,S17,05-09-2026,09:01,1
TKT00412,B301,R03,S16,S15,06-09-2026,19:17,1
TKT00413,B301,R03,S21,S23,07-09-2026,06:51,1
TKT00414,B302,R03,S16,S07,08-09-2026,12:06,1
TKT00415,B302,R03,S20,S21,09-09-2026,16:43,1
TKT00416,B101,R01,S09,S10,10-09-2026,17:11,4
TKT00417,B302,R03,S15,S19,11-09-2026,09:25,4
TKT00418,B502,R05,S30,S20,12-09-2026,18:55,2
TKT00419,B201,R02,S11,S13,13-09-2026,20:04,1
TKT00420,B102,R01,S03,S04,14-09-2026,09:24,2
TKT00421,B503,R05,S02,S04,01-09-2026,07:24,3
TKT00422,B301,R03,S19,S20,02-09-2026,13:28,2
TKT00423,B301,R03,S16,S15,03-09-2026,08:42,2
TKT00424,B501,R05,S03,S20,04-09-2026,15:54,1
TKT00425,B201,R02,S11,S12,05-09-2026,19:25,4
TKT00426,B101,R01,S09,S10,06-09-2026,08:57,3
TKT00427,B501,R05,S13,S03,07-09-2026,21:06,1
TKT00428,B301,R03,S21,S23,08-09-2026,09:18,2
TKT00429,B102,R01,S01,S07,09-09-2026,17:08,1
TKT00430,B301,R03,S22,S23,10-09-2026,17:32,3
TKT00431,B202,R02,S15,S16,11-09-2026,19:36,1
TKT00432,B502,R05,S31,S02,12-09-2026,09:40,1
TKT00433,B203,R02,S16,S17,13-09-2026,08:10,4
TKT00434,B502,R05,S31,S13,14-09-2026,10:07,1
TKT00435,B103,R01,S06,S10,01-09-2026,11:55,1
TKT00436,B101,R01,S08,S10,02-09-2026,08:00,1
TKT00437,B402,R04,S24,S05,03-09-2026,17:15,3
TKT00438,B303,R03,S07,S21,04-09-2026,19:09,3
TKT00439,B403,R04,S28,S01,05-09-2026,17:26,2
TKT00440,B301,R03,S19,S23,06-09-2026,17:44,2
TKT00441,B102,R01,S05,S07,07-09-2026,09:12,3
TKT00442,B303,R03,S20,S22,08-09-2026,19:40,2
TKT00443,B303,R03,S20,S23,09-09-2026,09:47,2
TKT00444,B303,R03,S20,S22,10-09-2026,08:29,3
TKT00445,B402,R04,S06,S05,11-09-2026,14:20,1
TKT00446,B301,R03,S20,S21,12-09-2026,09:19,1
TKT00447,B201,R02,S13,S15,13-09-2026,07:06,3
TKT00448,B402,R04,S07,S06,14-09-2026,07:31,2
TKT00449,B103,R01,S06,S07,01-09-2026,18:43,3
TKT00450,B401,R04,S03,S01,02-09-2026,08:31,3
TKT00451,B202,R02,S02,S16,03-09-2026,16:49,1
TKT00452,B102,R01,S01,S08,04-09-2026,07:23,2
TKT00453,B302,R03,S16,S20,05-09-2026,15:11,2
TKT00454,B502,R05,S02,S07,06-09-2026,06:38,3
TKT00455,B303,R03,S06,S07,07-09-2026,17:42,1
TKT00456,B302,R03,S20,S22,08-09-2026,10:59,1
TKT00457,B201,R02,S13,S15,09-09-2026,15:44,1
TKT00458,B402,R04,S07,S05,10-09-2026,18:22,2
TKT00459,B302,R03,S21,S23,11-09-2026,19:43,1
TKT00460,B101,R01,S06,S07,12-09-2026,18:58,3
TKT00461,B303,R03,S15,S06,13-09-2026,16:47,1
TKT00462,B101,R01,S04,S07,14-09-2026,19:26,3
TKT00463,B403,R04,S06,S05,01-09-2026,17:17,2
TKT00464,B402,R04,S24,S07,02-09-2026,09:18,1
TKT00465,B403,R04,S03,S28,03-09-2026,17:46,3
TKT00466,B501,R05,S13,S03,04-09-2026,17:46,3
TKT00467,B103,R01,S08,S10,05-09-2026,21:18,1
TKT00468,B102,R01,S05,S07,06-09-2026,17:36,3
TKT00469,B402,R04,S06,S03,07-09-2026,16:06,1
TKT00470,B103,R01,S06,S08,08-09-2026,13:32,1
TKT00471,B303,R03,S22,S23,09-09-2026,07:52,3
TKT00472,B401,R04,S07,S01,10-09-2026,18:57,4
TKT00473,B302,R03,S21,S22,11-09-2026,11:44,2
TKT00474,B201,R02,S12,S13,12-09-2026,18:01,2
TKT00475,B302,R03,S20,S21,13-09-2026,18:25,2
TKT00476,B202,R02,S12,S18,14-09-2026,17:01,1
TKT00477,B303,R03,S21,S23,01-09-2026,09:51,2
TKT00478,B401,R04,S05,S03,02-09-2026,07:56,2
TKT00479,B301,R03,S20,S21,03-09-2026,09:53,2
TKT00480,B402,R04,S05,S28,04-09-2026,18:48,1
TKT00481,B201,R02,S02,S15,05-09-2026,18:49,2
TKT00482,B301,R03,S07,S21,06-09-2026,17:45,3
TKT00483,B402,R04,S28,S01,07-09-2026,08:48,3
TKT00484,B102,R01,S07,S09,08-09-2026,14:04,1
TKT00485,B103,R01,S02,S07,09-09-2026,08:45,2
TKT00486,B101,R01,S06,S08,10-09-2026,18:23,1
TKT00487,B102,R01,S08,S09,11-09-2026,12:27,3
TKT00488,B103,R01,S07,S10,12-09-2026,17:04,2
TKT00489,B102,R01,S02,S08,13-09-2026,10:03,2
TKT00490,B101,R01,S04,S05,14-09-2026,07:07,3
TKT00491,B103,R01,S03,S10,01-09-2026,19:36,1
TKT00492,B501,R05,S02,S20,02-09-2026,17:45,3
TKT00493,B101,R01,S05,S07,03-09-2026,18:52,3
TKT00494,B201,R02,S13,S02,04-09-2026,17:39,2
TKT00495,B102,R01,S02,S03,05-09-2026,08:39,2
TKT00496,B402,R04,S05,S01,06-09-2026,20:31,1
TKT00497,B302,R03,S22,S23,07-09-2026,16:23,1
TKT00498,B401,R04,S05,S03,08-09-2026,08:46,3
TKT00499,B401,R04,S26,S05,09-09-2026,19:53,2
TKT00500,B301,R03,S06,S20,10-09-2026,09:53,2
TKT00501,B401,R04,S03,S01,11-09-2026,07:37,2
TKT00502,B402,R04,S03,S01,12-09-2026,08:06,2
TKT00503,B201,R02,S02,S17,13-09-2026,09:14,3
TKT00504,B401,R04,S26,S01,14-09-2026,07:38,1
TKT00505,B503,R05,S03,S04,01-09-2026,18:02,3
TKT00506,B401,R04,S07,S05,02-09-2026,14:11,2
TKT00507,B301,R03,S16,S07,03-09-2026,17:31,1
TKT00508,B302,R03,S19,S06,04-09-2026,18:29,2
TKT00509,B203,R02,S02,S16,05-09-2026,17:30,1
TKT00510,B303,R03,S20,S21,06-09-2026,18:46,1
TKT00511,B102,R01,S01,S02,07-09-2026,09:21,3
TKT00512,B503,R05,S11,S31,08-09-2026,19:45,5
TKT00513,B201,R02,S14,S17,09-09-2026,07:17,2
TKT00514,B302,R03,S06,S23,10-09-2026,08:14,1
TKT00515,B203,R02,S12,S15,11-09-2026,07:51,2
TKT00516,B101,R01,S05,S08,12-09-2026,09:25,1
TKT00517,B202,R02,S02,S16,13-09-2026,15:56,2
TKT00518,B203,R02,S15,S17,14-09-2026,07:25,2
TKT00519,B202,R02,S16,S17,01-09-2026,09:31,5
TKT00520,B501,R05,S29,S02,02-09-2026,17:19,2
TKT00521,B403,R04,S05,S03,03-09-2026,19:35,4
TKT00522,B303,R03,S06,S22,04-09-2026,08:22,2
TKT00523,B101,R01,S05,S09,05-09-2026,18:02,2
TKT00524,B102,R01,S05,S07,06-09-2026,07:06,1
TKT00525,B403,R04,S07,S03,07-09-2026,18:32,3
TKT00526,B102,R01,S08,S09,08-09-2026,07:13,5
TKT00527,B501,R05,S07,S20,09-09-2026,08:48,2
TKT00528,B201,R02,S16,S18,10-09-2026,08:10,1
TKT00529,B301,R03,S06,S20,11-09-2026,12:22,2
TKT00530,B303,R03,S22,S23,12-09-2026,17:30,1
TKT00531,B203,R02,S16,S17,13-09-2026,17:06,3
TKT00532,B301,R03,S20,S23,14-09-2026,17:41,4
TKT00533,B101,R01,S01,S02,01-09-2026,15:21,2
TKT00534,B103,R01,S07,S08,02-09-2026,19:01,2
TKT00535,B402,R04,S05,S28,03-09-2026,13:40,1
TKT00536,B103,R01,S03,S05,04-09-2026,08:32,3
TKT00537,B101,R01,S07,S09,05-09-2026,08:31,2
TKT00538,B503,R05,S07,S20,06-09-2026,07:17,3
TKT00539,B501,R05,S11,S03,07-09-2026,10:23,1
TKT00540,B103,R01,S05,S08,08-09-2026,08:22,1
TKT00541,B402,R04,S06,S05,09-09-2026,16:11,2
TKT00542,B402,R04,S05,S03,10-09-2026,06:03,1
TKT00543,B103,R01,S07,S08,11-09-2026,10:50,2
TKT00544,B403,R04,S06,S05,12-09-2026,10:30,2
TKT00545,B103,R01,S02,S03,13-09-2026,10:48,2
TKT00546,B102,R01,S07,S09,14-09-2026,19:41,2
TKT00547,B103,R01,S02,S09,01-09-2026,09:47,1
TKT00548,B103,R01,S07,S10,02-09-2026,09:47,1
TKT00549,B401,R04,S24,S07,03-09-2026,09:43,3
TKT00550,B301,R03,S22,S23,04-09-2026,14:11,1
TKT00551,B302,R03,S16,S06,05-09-2026,17:48,3
TKT00552,B103,R01,S08,S09,06-09-2026,12:46,1
TKT00553,B101,R01,S02,S07,07-09-2026,10:40,1
TKT00554,B201,R02,S15,S16,08-09-2026,18:29,2
TKT00555,B102,R01,S02,S06,09-09-2026,18:41,4
TKT00556,B403,R04,S25,S01,10-09-2026,07:26,3
TKT00557,B102,R01,S05,S07,11-09-2026,18:00,2
TKT00558,B302,R03,S20,S22,12-09-2026,19:45,4
TKT00559,B203,R02,S02,S15,13-09-2026,19:14,2
TKT00560,B202,R02,S12,S17,14-09-2026,09:38,3
TKT00561,B303,R03,S19,S21,01-09-2026,18:15,1
TKT00562,B101,R01,S01,S03,02-09-2026,14:19,2
TKT00563,B302,R03,S15,S22,03-09-2026,17:57,2
TKT00564,B101,R01,S06,S07,04-09-2026,17:21,2
TKT00565,B301,R03,S21,S23,05-09-2026,18:07,1
TKT00566,B102,R01,S03,S05,06-09-2026,10:31,1
TKT00567,B102,R01,S05,S09,07-09-2026,09:38,4
TKT00568,B401,R04,S06,S01,08-09-2026,17:55,3
TKT00569,B301,R03,S21,S22,09-09-2026,19:54,2
TKT00570,B502,R05,S02,S07,10-09-2026,07:44,2
TKT00571,B203,R02,S11,S13,11-09-2026,07:57,2
TKT00572,B302,R03,S16,S06,12-09-2026,07:43,1
TKT00573,B302,R03,S20,S22,13-09-2026,17:29,2
TKT00574,B301,R03,S19,S06,14-09-2026,18:31,2
TKT00575,B301,R03,S16,S15,01-09-2026,21:08,1
TKT00576,B202,R02,S16,S18,02-09-2026,09:31,3
TKT00577,B303,R03,S06,S07,03-09-2026,13:02,1
TKT00578,B101,R01,S08,S09,04-09-2026,19:42,1
TKT00579,B301,R03,S16,S19,05-09-2026,19:34,4
TKT00580,B402,R04,S24,S05,06-09-2026,07:09,3
TKT00581,B201,R02,S14,S15,07-09-2026,16:24,1
TKT00582,B102,R01,S09,S10,08-09-2026,19:21,1
TKT00583,B501,R05,S02,S04,09-09-2026,17:04,1
TKT00584,B401,R04,S25,S05,10-09-2026,18:15,1
TKT00585,B202,R02,S13,S18,11-09-2026,19:12,1
TKT00586,B202,R02,S02,S18,12-09-2026,18:36,1
TKT00587,B302,R03,S07,S20,13-09-2026,21:56,1
TKT00588,B301,R03,S16,S20,14-09-2026,17:50,2
TKT00589,B402,R04,S25,S07,01-09-2026,19:38,1
TKT00590,B103,R01,S07,S09,02-09-2026,08:28,5
TKT00591,B101,R01,S01,S05,03-09-2026,07:34,4
TKT00592,B103,R01,S05,S08,04-09-2026,06:52,1
TKT00593,B401,R04,S05,S03,05-09-2026,09:16,3
TKT00594,B503,R05,S13,S03,06-09-2026,09:02,2
TKT00595,B101,R01,S04,S10,07-09-2026,12:02,1
TKT00596,B103,R01,S03,S05,08-09-2026,14:36,1
TKT00597,B302,R03,S15,S07,09-09-2026,20:46,1
TKT00598,B103,R01,S04,S05,10-09-2026,15:18,1
TKT00599,B401,R04,S07,S05,11-09-2026,07:47,1
TKT00600,B203,R02,S15,S16,12-09-2026,08:01,2
TKT00601,B402,R04,S26,S03,13-09-2026,18:36,1
TKT00602,B301,R03,S19,S21,14-09-2026,06:25,1
TKT00603,B201,R02,S11,S15,01-09-2026,10:19,4
TKT00604,B102,R01,S01,S02,02-09-2026,16:49,1
TKT00605,B103,R01,S07,S08,03-09-2026,19:39,2
TKT00606,B103,R01,S02,S04,04-09-2026,10:36,2
TKT00607,B103,R01,S07,S08,05-09-2026,13:30,1
TKT00608,B403,R04,S03,S01,06-09-2026,18:29,2
TKT00609,B302,R03,S20,S21,07-09-2026,08:14,1
TKT00610,B302,R03,S22,S23,08-09-2026,07:06,5
TKT00611,B302,R03,S16,S07,09-09-2026,08:11,2
TKT00612,B503,R05,S07,S20,10-09-2026,10:21,3
TKT00613,B102,R01,S06,S10,11-09-2026,13:33,1
TKT00614,B401,R04,S07,S28,12-09-2026,19:02,2
TKT00615,B501,R05,S04,S20,13-09-2026,08:53,2
TKT00616,B101,R01,S04,S05,14-09-2026,17:10,4
TKT00617,B203,R02,S11,S14,01-09-2026,14:50,1
TKT00618,B501,R05,S31,S04,02-09-2026,17:48,1
TKT00619,B301,R03,S19,S20,03-09-2026,07:34,2
TKT00620,B403,R04,S06,S01,04-09-2026,19:33,3
TKT00621,B301,R03,S06,S07,05-09-2026,12:18,1
TKT00622,B102,R01,S06,S07,06-09-2026,17:05,1
TKT00623,B401,R04,S24,S03,07-09-2026,07:30,3
TKT00624,B301,R03,S07,S22,08-09-2026,16:39,2
TKT00625,B303,R03,S21,S22,09-09-2026,09:19,1
TKT00626,B403,R04,S06,S01,10-09-2026,19:36,2
TKT00627,B503,R05,S30,S11,11-09-2026,09:24,2
TKT00628,B202,R02,S16,S18,12-09-2026,17:13,3
TKT00629,B103,R01,S07,S08,13-09-2026,08:57,4
TKT00630,B303,R03,S21,S22,14-09-2026,13:09,1
TKT00631,B503,R05,S30,S13,01-09-2026,17:16,1
TKT00632,B401,R04,S05,S28,02-09-2026,17:41,2
TKT00633,B102,R01,S02,S07,03-09-2026,11:00,3
TKT00634,B103,R01,S07,S08,04-09-2026,08:09,2
TKT00635,B101,R01,S07,S09,05-09-2026,19:21,3
TKT00636,B102,R01,S06,S07,06-09-2026,07:18,5
TKT00637,B502,R05,S02,S03,07-09-2026,19:28,2
TKT00638,B101,R01,S05,S07,08-09-2026,17:21,3
TKT00639,B102,R01,S02,S07,09-09-2026,14:45,1
TKT00640,B101,R01,S06,S07,10-09-2026,17:56,3
TKT00641,B401,R04,S07,S03,11-09-2026,17:40,2
TKT00642,B101,R01,S04,S05,12-09-2026,09:26,2
TKT00643,B101,R01,S03,S04,13-09-2026,15:22,3
TKT00644,B103,R01,S01,S10,14-09-2026,08:41,3
TKT00645,B401,R04,S28,S01,01-09-2026,18:16,1
TKT00646,B302,R03,S19,S06,02-09-2026,19:38,4
TKT00647,B502,R05,S07,S20,03-09-2026,17:11,2
TKT00648,B401,R04,S24,S03,04-09-2026,17:39,2
TKT00649,B102,R01,S01,S06,05-09-2026,18:22,2
TKT00650,B301,R03,S16,S19,06-09-2026,18:13,4
TKT00651,B502,R05,S29,S07,07-09-2026,17:31,2
TKT00652,B103,R01,S02,S07,08-09-2026,08:05,2
TKT00653,B101,R01,S04,S10,09-09-2026,18:53,2
TKT00654,B303,R03,S21,S23,10-09-2026,19:08,2
TKT00655,B202,R02,S11,S12,11-09-2026,13:30,1
TKT00656,B402,R04,S26,S05,12-09-2026,21:11,1
TKT00657,B201,R02,S13,S02,13-09-2026,10:53,2
TKT00658,B401,R04,S05,S01,14-09-2026,08:59,1
TKT00659,B102,R01,S05,S07,01-09-2026,17:39,3
TKT00660,B302,R03,S07,S20,02-09-2026,11:08,1
TKT00661,B103,R01,S04,S05,03-09-2026,19:23,3
TKT00662,B301,R03,S15,S22,04-09-2026,11:14,1
TKT00663,B402,R04,S07,S03,05-09-2026,17:44,2
TKT00664,B301,R03,S15,S06,06-09-2026,17:36,3
TKT00665,B102,R01,S05,S09,07-09-2026,07:35,2
TKT00666,B303,R03,S22,S23,08-09-2026,09:42,2
TKT00667,B501,R05,S02,S07,09-09-2026,19:16,2
TKT00668,B203,R02,S12,S16,10-09-2026,18:53,1
TKT00669,B102,R01,S07,S10,11-09-2026,15:29,2
TKT00670,B503,R05,S07,S20,12-09-2026,07:19,2
TKT00671,B402,R04,S06,S05,13-09-2026,19:00,2
TKT00672,B401,R04,S06,S03,14-09-2026,07:32,1
TKT00673,B501,R05,S02,S04,01-09-2026,17:22,2
TKT00674,B102,R01,S04,S08,02-09-2026,21:15,1
TKT00675,B302,R03,S20,S21,03-09-2026,11:26,3
TKT00676,B302,R03,S07,S20,04-09-2026,07:52,1
TKT00677,B101,R01,S02,S05,05-09-2026,10:55,1
TKT00678,B303,R03,S20,S23,06-09-2026,09:56,1
TKT00679,B203,R02,S14,S17,07-09-2026,07:02,4
TKT00680,B203,R02,S02,S16,08-09-2026,18:33,2
TKT00681,B503,R05,S07,S20,09-09-2026,09:43,2
TKT00682,B101,R01,S09,S10,10-09-2026,17:44,2
TKT00683,B401,R04,S05,S01,11-09-2026,17:42,3
TKT00684,B202,R02,S15,S17,12-09-2026,18:01,3
TKT00685,B401,R04,S06,S03,13-09-2026,19:57,4
TKT00686,B302,R03,S19,S22,14-09-2026,07:45,1
TKT00687,B403,R04,S03,S01,01-09-2026,17:06,2
TKT00688,B103,R01,S03,S07,02-09-2026,09:23,1
TKT00689,B203,R02,S02,S16,03-09-2026,09:29,4
TKT00690,B401,R04,S03,S01,04-09-2026,19:57,2
TKT00691,B103,R01,S05,S06,05-09-2026,18:25,3
TKT00692,B303,R03,S16,S06,06-09-2026,12:18,2
TKT00693,B101,R01,S02,S05,07-09-2026,09:52,1
TKT00694,B102,R01,S08,S10,08-09-2026,19:42,2
TKT00695,B302,R03,S20,S23,09-09-2026,18:42,3
TKT00696,B103,R01,S04,S06,10-09-2026,13:20,2
TKT00697,B103,R01,S03,S09,11-09-2026,17:34,2
TKT00698,B203,R02,S16,S17,12-09-2026,19:10,3
TKT00699,B103,R01,S07,S09,13-09-2026,08:21,2
TKT00700,B403,R04,S07,S06,14-09-2026,09:23,2
TKT00701,B501,R05,S02,S03,01-09-2026,15:57,1
TKT00702,B101,R01,S09,S10,02-09-2026,09:47,3
TKT00703,B403,R04,S05,S01,03-09-2026,17:41,3
TKT00704,B403,R04,S05,S28,04-09-2026,17:55,3
TKT00705,B302,R03,S19,S20,05-09-2026,17:43,2
TKT00706,B202,R02,S02,S18,06-09-2026,18:38,3
TKT00707,B503,R05,S29,S13,07-09-2026,19:24,1
TKT00708,B203,R02,S16,S17,08-09-2026,09:41,2
TKT00709,B302,R03,S21,S23,09-09-2026,19:38,2
TKT00710,B302,R03,S15,S21,10-09-2026,14:34,2
TKT00711,B101,R01,S07,S10,11-09-2026,17:40,2
TKT00712,B102,R01,S06,S07,12-09-2026,08:15,3
TKT00713,B102,R01,S04,S09,13-09-2026,08:47,4
TKT00714,B402,R04,S07,S06,14-09-2026,09:42,2
TKT00715,B501,R05,S04,S07,01-09-2026,19:28,2
TKT00716,B301,R03,S06,S20,02-09-2026,18:56,2
TKT00717,B501,R05,S31,S07,03-09-2026,17:52,2
TKT00718,B503,R05,S03,S04,04-09-2026,12:43,1
TKT00719,B102,R01,S04,S05,05-09-2026,18:02,4
TKT00720,B201,R02,S14,S15,06-09-2026,18:02,2
TKT00721,B403,R04,S03,S28,07-09-2026,11:58,2
TKT00722,B301,R03,S07,S21,08-09-2026,11:23,2
TKT00723,B303,R03,S07,S22,09-09-2026,07:07,3
TKT00724,B102,R01,S01,S05,10-09-2026,16:00,1
TKT00725,B103,R01,S05,S08,11-09-2026,19:25,2
TKT00726,B402,R04,S28,S01,12-09-2026,08:53,2
TKT00727,B101,R01,S05,S08,13-09-2026,09:11,1
TKT00728,B503,R05,S03,S20,14-09-2026,11:22,2
TKT00729,B102,R01,S01,S03,01-09-2026,18:13,3
TKT00730,B202,R02,S16,S17,02-09-2026,13:35,1
TKT00731,B403,R04,S25,S26,03-09-2026,12:08,1
TKT00732,B203,R02,S15,S17,04-09-2026,09:09,3
TKT00733,B403,R04,S25,S01,05-09-2026,07:09,3
TKT00734,B202,R02,S11,S12,06-09-2026,08:10,2
TKT00735,B301,R03,S15,S23,07-09-2026,13:34,1
TKT00736,B103,R01,S09,S10,08-09-2026,16:12,1
TKT00737,B401,R04,S05,S03,09-09-2026,11:57,1
TKT00738,B301,R03,S15,S07,10-09-2026,18:24,3
TKT00739,B103,R01,S02,S03,11-09-2026,17:47,2
TKT00740,B203,R02,S12,S13,12-09-2026,08:34,3
TKT00741,B303,R03,S15,S07,13-09-2026,12:14,2
TKT00742,B101,R01,S08,S09,14-09-2026,17:52,3
TKT00743,B402,R04,S25,S26,01-09-2026,12:59,1
TKT00744,B102,R01,S06,S08,02-09-2026,07:55,1
TKT00745,B101,R01,S03,S05,03-09-2026,17:39,3
TKT00746,B501,R05,S31,S20,04-09-2026,19:45,1
TKT00747,B201,R02,S02,S15,05-09-2026,14:47,2
TKT00748,B303,R03,S07,S22,06-09-2026,18:11,2
TKT00749,B402,R04,S26,S06,07-09-2026,18:18,2
TKT00750,B501,R05,S31,S20,08-09-2026,11:29,3
TKT00751,B302,R03,S07,S22,09-09-2026,17:42,4
TKT00752,B303,R03,S16,S06,10-09-2026,08:36,3
TKT00753,B201,R02,S11,S13,11-09-2026,08:01,3
TKT00754,B202,R02,S14,S15,12-09-2026,19:01,2
TKT00755,B202,R02,S17,S18,13-09-2026,08:40,1
TKT00756,B103,R01,S01,S02,14-09-2026,11:48,1
TKT00757,B102,R01,S05,S06,01-09-2026,09:44,2
TKT00758,B303,R03,S07,S22,02-09-2026,14:52,2
TKT00759,B101,R01,S08,S09,03-09-2026,12:06,2
TKT00760,B101,R01,S08,S10,04-09-2026,16:31,1
TKT00761,B303,R03,S07,S21,05-09-2026,07:31,4
TKT00762,B103,R01,S07,S08,06-09-2026,07:25,2
TKT00763,B103,R01,S02,S08,07-09-2026,07:41,4
TKT00764,B302,R03,S22,S23,08-09-2026,17:30,2
TKT00765,B203,R02,S17,S18,09-09-2026,20:24,1
TKT00766,B202,R02,S02,S17,10-09-2026,07:08,2
TKT00767,B402,R04,S07,S06,11-09-2026,17:46,3
TKT00768,B302,R03,S06,S07,12-09-2026,11:32,2
TKT00769,B402,R04,S24,S07,13-09-2026,09:58,3
TKT00770,B503,R05,S02,S03,14-09-2026,09:17,3
TKT00771,B403,R04,S26,S07,01-09-2026,08:07,2
TKT00772,B403,R04,S05,S03,02-09-2026,17:59,2
TKT00773,B101,R01,S01,S05,03-09-2026,16:06,2
TKT00774,B503,R05,S03,S20,04-09-2026,08:51,2
TKT00775,B303,R03,S19,S23,05-09-2026,09:11,4
TKT00776,B401,R04,S07,S05,06-09-2026,19:25,2
TKT00777,B402,R04,S24,S25,07-09-2026,14:13,1
TKT00778,B303,R03,S20,S22,08-09-2026,11:24,1
TKT00779,B202,R02,S02,S16,09-09-2026,14:39,1
TKT00780,B201,R02,S02,S14,10-09-2026,15:24,1
TKT00781,B502,R05,S31,S20,11-09-2026,18:01,3
TKT00782,B202,R02,S02,S14,12-09-2026,10:02,1
TKT00783,B302,R03,S15,S07,13-09-2026,07:36,2
TKT00784,B101,R01,S07,S09,14-09-2026,07:26,2
TKT00785,B301,R03,S06,S07,01-09-2026,17:39,1
TKT00786,B502,R05,S13,S02,02-09-2026,08:03,4
TKT00787,B202,R02,S11,S15,03-09-2026,18:10,2
TKT00788,B303,R03,S15,S22,04-09-2026,15:34,2
TKT00789,B303,R03,S16,S19,05-09-2026,16:46,1
TKT00790,B102,R01,S05,S08,06-09-2026,19:31,3
TKT00791,B303,R03,S22,S23,07-09-2026,13:47,2
TKT00792,B303,R03,S15,S21,08-09-2026,08:09,2
TKT00793,B401,R04,S05,S03,09-09-2026,09:20,3
TKT00794,B103,R01,S07,S09,10-09-2026,13:32,1
TKT00795,B301,R03,S06,S07,11-09-2026,18:21,3
TKT00796,B403,R04,S25,S05,12-09-2026,16:44,2
TKT00797,B401,R04,S28,S01,13-09-2026,19:16,2
TKT00798,B103,R01,S06,S09,14-09-2026,19:40,1
TKT00799,B302,R03,S22,S23,01-09-2026,20:36,1
TKT00800,B103,R01,S05,S10,02-09-2026,19:42,1
TKT00801,B201,R02,S16,S18,03-09-2026,07:11,2
TKT00802,B303,R03,S20,S22,04-09-2026,17:45,2
TKT00803,B201,R02,S02,S17,05-09-2026,19:55,1
TKT00804,B502,R05,S13,S04,06-09-2026,07:53,3
TKT00805,B203,R02,S11,S14,07-09-2026,18:33,1
TKT00806,B301,R03,S21,S22,08-09-2026,08:22,1
TKT00807,B101,R01,S05,S06,09-09-2026,08:17,2
TKT00808,B303,R03,S19,S20,10-09-2026,17:33,2
TKT00809,B103,R01,S01,S02,11-09-2026,17:59,2
TKT00810,B201,R02,S11,S12,12-09-2026,08:43,1
TKT00811,B203,R02,S15,S16,13-09-2026,09:36,2
TKT00812,B303,R03,S21,S23,14-09-2026,15:59,1
TKT00813,B102,R01,S09,S10,01-09-2026,19:59,3
TKT00814,B401,R04,S05,S01,02-09-2026,08:21,2
TKT00815,B102,R01,S07,S08,03-09-2026,08:34,1
TKT00816,B102,R01,S03,S05,04-09-2026,17:27,3
TKT00817,B403,R04,S24,S26,05-09-2026,08:14,1
TKT00818,B302,R03,S20,S21,06-09-2026,08:39,3
TKT00819,B303,R03,S15,S23,07-09-2026,07:41,1
TKT00820,B201,R02,S16,S18,08-09-2026,16:11,2
TKT00821,B303,R03,S16,S21,09-09-2026,16:39,1
TKT00822,B103,R01,S04,S08,10-09-2026,18:01,1
TKT00823,B503,R05,S07,S20,11-09-2026,18:32,2
TKT00824,B101,R01,S02,S04,12-09-2026,17:29,1
TKT00825,B102,R01,S07,S08,13-09-2026,12:49,2
TKT00826,B503,R05,S02,S04,14-09-2026,09:09,2
TKT00827,B403,R04,S28,S01,01-09-2026,14:33,1
TKT00828,B201,R02,S16,S18,02-09-2026,13:00,1
TKT00829,B303,R03,S16,S22,03-09-2026,16:01,1
TKT00830,B402,R04,S26,S05,04-09-2026,15:42,2
TKT00831,B103,R01,S05,S06,05-09-2026,17:04,2
TKT00832,B303,R03,S20,S21,06-09-2026,18:58,1
TKT00833,B403,R04,S03,S28,07-09-2026,17:57,1
TKT00834,B502,R05,S02,S04,08-09-2026,17:09,3
TKT00835,B101,R01,S07,S09,09-09-2026,09:26,4
TKT00836,B103,R01,S09,S10,10-09-2026,18:46,1
TKT00837,B502,R05,S29,S02,11-09-2026,14:08,1
TKT00838,B401,R04,S26,S03,12-09-2026,20:34,1
TKT00839,B303,R03,S16,S23,13-09-2026,19:41,3
TKT00840,B201,R02,S13,S02,14-09-2026,13:40,1
TKT00841,B301,R03,S06,S22,01-09-2026,06:10,1
TKT00842,B303,R03,S16,S20,02-09-2026,11:22,3
TKT00843,B102,R01,S06,S09,03-09-2026,19:30,1
TKT00844,B401,R04,S07,S05,04-09-2026,21:46,1
TKT00845,B103,R01,S08,S10,05-09-2026,18:54,3
TKT00846,B302,R03,S20,S22,06-09-2026,18:38,3
TKT00847,B203,R02,S14,S18,07-09-2026,14:28,1
TKT00848,B101,R01,S04,S07,08-09-2026,10:54,1
TKT00849,B503,R05,S30,S31,09-09-2026,19:18,3
TKT00850,B401,R04,S03,S28,10-09-2026,18:50,1
TKT00851,B403,R04,S24,S03,11-09-2026,07:57,2
TKT00852,B403,R04,S05,S03,12-09-2026,09:57,2
TKT00853,B303,R03,S16,S19,13-09-2026,08:36,2
TKT00854,B103,R01,S09,S10,14-09-2026,18:08,1
TKT00855,B101,R01,S05,S07,01-09-2026,07:28,1
TKT00856,B101,R01,S09,S10,02-09-2026,19:45,2
TKT00857,B303,R03,S06,S07,03-09-2026,17:55,3
TKT00858,B101,R01,S01,S07,04-09-2026,14:13,2
TKT00859,B403,R04,S24,S07,05-09-2026,11:24,4
TKT00860,B102,R01,S01,S03,06-09-2026,17:07,1
TKT00861,B403,R04,S25,S26,07-09-2026,17:08,2
TKT00862,B202,R02,S14,S18,08-09-2026,17:49,1
TKT00863,B102,R01,S06,S08,09-09-2026,18:12,3
TKT00864,B103,R01,S09,S10,10-09-2026,18:56,2
TKT00865,B303,R03,S06,S07,11-09-2026,18:56,2
TKT00866,B101,R01,S07,S08,12-09-2026,17:08,4
TKT00867,B401,R04,S25,S01,13-09-2026,09:52,2
TKT00868,B103,R01,S07,S09,14-09-2026,15:53,3
TKT00869,B203,R02,S11,S12,01-09-2026,17:09,2
TKT00870,B103,R01,S07,S09,02-09-2026,08:35,2
TKT00871,B502,R05,S11,S13,03-09-2026,18:49,2
TKT00872,B303,R03,S21,S23,04-09-2026,20:01,1
TKT00873,B201,R02,S16,S17,05-09-2026,09:41,2
TKT00874,B402,R04,S07,S03,06-09-2026,07:07,2
TKT00875,B303,R03,S20,S22,07-09-2026,19:01,2
TKT00876,B101,R01,S02,S07,08-09-2026,16:25,1
TKT00877,B402,R04,S25,S03,09-09-2026,19:22,2
TKT00878,B301,R03,S06,S21,10-09-2026,17:48,2
TKT00879,B303,R03,S19,S07,11-09-2026,07:49,3
TKT00880,B103,R01,S07,S10,12-09-2026,19:26,4
TKT00881,B101,R01,S01,S02,13-09-2026,17:57,1
TKT00882,B103,R01,S08,S09,14-09-2026,18:24,1
TKT00883,B201,R02,S15,S18,01-09-2026,10:58,1
TKT00884,B103,R01,S08,S09,02-09-2026,08:45,3
TKT00885,B303,R03,S06,S07,03-09-2026,09:31,2
TKT00886,B301,R03,S06,S21,04-09-2026,09:23,2
TKT00887,B202,R02,S16,S17,05-09-2026,07:16,2
TKT00888,B102,R01,S04,S08,06-09-2026,19:39,4
TKT00889,B502,R05,S11,S03,07-09-2026,17:05,1
TKT00890,B203,R02,S16,S17,08-09-2026,07:07,1
TKT00891,B503,R05,S31,S07,09-09-2026,12:34,1
TKT00892,B102,R01,S07,S10,10-09-2026,09:22,2
TKT00893,B102,R01,S01,S02,11-09-2026,17:40,1
TKT00894,B201,R02,S12,S13,12-09-2026,16:35,2
TKT00895,B403,R04,S03,S01,13-09-2026,09:12,2
TKT00896,B501,R05,S13,S03,14-09-2026,13:31,1
TKT00897,B203,R02,S13,S02,01-09-2026,07:56,3
TKT00898,B503,R05,S02,S20,02-09-2026,19:40,1
TKT00899,B101,R01,S02,S06,03-09-2026,19:27,1
TKT00900,B401,R04,S05,S03,04-09-2026,21:26,2
TKT00901,B403,R04,S26,S03,05-09-2026,18:51,1
TKT00902,B201,R02,S12,S16,06-09-2026,07:45,2
TKT00903,B202,R02,S13,S02,07-09-2026,09:25,2
TKT00904,B102,R01,S05,S09,08-09-2026,07:49,5
TKT00905,B203,R02,S17,S18,09-09-2026,10:49,1
TKT00906,B201,R02,S11,S15,10-09-2026,08:13,3
TKT00907,B302,R03,S15,S22,11-09-2026,09:23,3
TKT00908,B103,R01,S09,S10,12-09-2026,07:06,2
TKT00909,B103,R01,S04,S06,13-09-2026,11:21,1
TKT00910,B301,R03,S19,S22,14-09-2026,19:25,3
TKT00911,B503,R05,S02,S03,01-09-2026,19:46,1
TKT00912,B303,R03,S15,S21,02-09-2026,17:31,2
TKT00913,B301,R03,S06,S07,03-09-2026,08:57,2
TKT00914,B301,R03,S21,S22,04-09-2026,19:28,4
TKT00915,B401,R04,S24,S28,05-09-2026,17:33,2
TKT00916,B302,R03,S16,S15,06-09-2026,15:47,1
TKT00917,B501,R05,S13,S20,07-09-2026,08:46,1
TKT00918,B303,R03,S19,S07,08-09-2026,07:33,1
TKT00919,B402,R04,S07,S01,09-09-2026,13:54,4
TKT00920,B501,R05,S13,S07,10-09-2026,15:30,3
TKT00921,B303,R03,S15,S23,11-09-2026,17:50,3
TKT00922,B102,R01,S07,S09,12-09-2026,11:38,2
TKT00923,B403,R04,S24,S25,13-09-2026,19:26,3
TKT00924,B203,R02,S13,S14,14-09-2026,11:38,1
TKT00925,B103,R01,S01,S05,01-09-2026,16:03,2
TKT00926,B501,R05,S31,S04,02-09-2026,19:36,2
TKT00927,B302,R03,S22,S23,03-09-2026,07:53,1
TKT00928,B302,R03,S07,S23,04-09-2026,20:21,1
TKT00929,B503,R05,S03,S07,05-09-2026,19:34,1
TKT00930,B301,R03,S15,S21,06-09-2026,13:32,1
TKT00931,B303,R03,S16,S22,07-09-2026,16:50,2
TKT00932,B103,R01,S07,S08,08-09-2026,07:07,3
TKT00933,B303,R03,S19,S22,09-09-2026,19:14,2
TKT00934,B503,R05,S31,S02,10-09-2026,19:21,1
TKT00935,B103,R01,S05,S06,11-09-2026,07:52,3
TKT00936,B203,R02,S17,S18,12-09-2026,19:32,3
TKT00937,B302,R03,S15,S20,13-09-2026,19:38,2
TKT00938,B103,R01,S04,S07,14-09-2026,19:21,2
TKT00939,B503,R05,S30,S31,01-09-2026,09:12,2
TKT00940,B101,R01,S02,S06,02-09-2026,17:39,2
TKT00941,B403,R04,S07,S06,03-09-2026,07:18,1
TKT00942,B401,R04,S07,S05,04-09-2026,09:56,2
TKT00943,B101,R01,S07,S08,05-09-2026,11:28,3
TKT00944,B102,R01,S09,S10,06-09-2026,09:34,3
TKT00945,B503,R05,S31,S03,07-09-2026,17:19,1
TKT00946,B402,R04,S24,S25,08-09-2026,18:27,2
TKT00947,B101,R01,S02,S03,09-09-2026,15:39,1
TKT00948,B502,R05,S30,S31,10-09-2026,15:58,1
TKT00949,B301,R03,S21,S22,11-09-2026,18:20,1
TKT00950,B302,R03,S06,S20,12-09-2026,20:48,2
TKT00951,B301,R03,S16,S21,13-09-2026,07:57,2
TKT00952,B502,R05,S13,S20,14-09-2026,14:00,1
TKT00953,B103,R01,S02,S04,01-09-2026,14:40,2
TKT00954,B402,R04,S03,S28,02-09-2026,19:29,3
TKT00955,B203,R02,S17,S18,03-09-2026,11:03,2
TKT00956,B303,R03,S06,S07,04-09-2026,19:33,5
TKT00957,B101,R01,S02,S05,05-09-2026,19:27,3
TKT00958,B403,R04,S26,S01,06-09-2026,17:37,2
TKT00959,B301,R03,S19,S20,07-09-2026,19:44,2
TKT00960,B103,R01,S07,S08,08-09-2026,11:08,3
TKT00961,B303,R03,S20,S22,09-09-2026,09:28,4
TKT00962,B503,R05,S29,S31,10-09-2026,16:55,2
TKT00963,B301,R03,S21,S22,11-09-2026,11:36,2
TKT00964,B201,R02,S11,S13,12-09-2026,07:32,3
TKT00965,B302,R03,S19,S06,13-09-2026,07:35,2
TKT00966,B502,R05,S04,S07,14-09-2026,09:25,1
TKT00967,B201,R02,S12,S02,01-09-2026,09:13,2
TKT00968,B402,R04,S06,S28,02-09-2026,08:21,2
TKT00969,B101,R01,S05,S06,03-09-2026,18:16,1
TKT00970,B302,R03,S15,S06,04-09-2026,08:10,4
TKT00971,B201,R02,S11,S13,05-09-2026,14:25,3
TKT00972,B401,R04,S06,S05,06-09-2026,08:59,1
TKT00973,B301,R03,S15,S23,07-09-2026,07:42,4
TKT00974,B402,R04,S25,S01,08-09-2026,19:26,4
TKT00975,B202,R02,S16,S17,09-09-2026,17:57,2
TKT00976,B303,R03,S07,S23,10-09-2026,07:18,3
TKT00977,B101,R01,S06,S07,11-09-2026,10:07,1
TKT00978,B203,R02,S11,S02,12-09-2026,10:18,1
TKT00979,B303,R03,S06,S22,13-09-2026,09:12,2
TKT00980,B501,R05,S07,S20,14-09-2026,11:18,1
TKT00981,B503,R05,S11,S04,01-09-2026,08:21,2
TKT00982,B301,R03,S07,S23,02-09-2026,20:40,1
TKT00983,B303,R03,S15,S22,03-09-2026,10:38,2
TKT00984,B501,R05,S07,S20,04-09-2026,14:52,4
TKT00985,B101,R01,S09,S10,05-09-2026,15:40,1
TKT00986,B201,R02,S13,S14,06-09-2026,17:22,5
TKT00987,B103,R01,S02,S09,07-09-2026,07:03,2
TKT00988,B402,R04,S06,S01,08-09-2026,17:50,2
TKT00989,B301,R03,S19,S06,09-09-2026,08:43,2
TKT00990,B502,R05,S03,S04,10-09-2026,09:43,2
TKT00991,B402,R04,S26,S05,11-09-2026,14:19,1
TKT00992,B303,R03,S07,S20,12-09-2026,10:01,1
TKT00993,B202,R02,S16,S17,13-09-2026,06:47,1
TKT00994,B103,R01,S01,S03,14-09-2026,17:19,2
TKT00995,B101,R01,S05,S07,01-09-2026,20:08,1
TKT00996,B503,R05,S04,S07,02-09-2026,17:20,1
TKT00997,B201,R02,S02,S14,03-09-2026,13:57,1
TKT00998,B101,R01,S01,S03,04-09-2026,17:06,2
TKT00999,B203,R02,S16,S18,05-09-2026,08:31,3
TKT01000,B202,R02,S14,S15,06-09-2026,09:42,4
TKT01001,B302,R03,S07,S21,07-09-2026,14:23,3
TKT01002,B501,R05,S30,S11,08-09-2026,13:56,2
TKT01003,B403,R04,S28,S01,09-09-2026,19:44,1
TKT01004,B302,R03,S16,S06,10-09-2026,17:59,2
TKT01005,B503,R05,S11,S13,11-09-2026,17:24,2
TKT01006,B202,R02,S02,S16,12-09-2026,09:40,2
TKT01007,B502,R05,S11,S31,13-09-2026,21:41,1
TKT01008,B103,R01,S03,S05,14-09-2026,08:34,2
TKT01009,B303,R03,S15,S22,01-09-2026,09:41,1
TKT01010,B203,R02,S13,S15,02-09-2026,14:12,1
TKT01011,B403,R04,S07,S01,03-09-2026,18:13,1
TKT01012,B201,R02,S12,S16,04-09-2026,08:09,2
TKT01013,B202,R02,S02,S15,05-09-2026,09:48,1
TKT01014,B102,R01,S08,S10,06-09-2026,12:05,2
TKT01015,B203,R02,S15,S16,07-09-2026,13:15,1
TKT01016,B301,R03,S22,S23,08-09-2026,08:28,2
TKT01017,B501,R05,S02,S07,09-09-2026,19:55,3
TKT01018,B101,R01,S06,S07,10-09-2026,07:35,4
TKT01019,B101,R01,S06,S10,11-09-2026,19:47,1
TKT01020,B202,R02,S17,S18,12-09-2026,16:32,1
TKT01021,B102,R01,S08,S09,13-09-2026,17:49,2
TKT01022,B201,R02,S17,S18,14-09-2026,08:42,4
TKT01023,B501,R05,S04,S07,01-09-2026,16:27,1
TKT01024,B302,R03,S15,S19,02-09-2026,17:42,3
TKT01025,B402,R04,S24,S05,03-09-2026,09:27,1
TKT01026,B303,R03,S22,S23,04-09-2026,11:30,1
TKT01027,B102,R01,S07,S09,05-09-2026,12:41,1
TKT01028,B303,R03,S15,S07,06-09-2026,08:19,4
TKT01029,B302,R03,S07,S22,07-09-2026,18:12,3
TKT01030,B203,R02,S14,S17,08-09-2026,18:57,3
TKT01031,B101,R01,S08,S10,09-09-2026,07:09,3
TKT01032,B103,R01,S01,S06,10-09-2026,08:41,3
TKT01033,B401,R04,S05,S01,11-09-2026,10:32,1
TKT01034,B103,R01,S03,S04,12-09-2026,16:07,1
TKT01035,B101,R01,S05,S06,13-09-2026,18:24,2
TKT01036,B303,R03,S06,S22,14-09-2026,11:07,1
TKT01037,B101,R01,S09,S10,01-09-2026,11:48,1
TKT01038,B303,R03,S16,S07,02-09-2026,19:49,1
TKT01039,B203,R02,S13,S15,03-09-2026,07:40,5
TKT01040,B102,R01,S03,S07,04-09-2026,07:54,1
TKT01041,B103,R01,S07,S10,05-09-2026,08:00,2
TKT01042,B403,R04,S26,S03,06-09-2026,19:38,2
TKT01043,B502,R05,S13,S07,07-09-2026,08:34,1
TKT01044,B103,R01,S05,S08,08-09-2026,17:31,1
TKT01045,B101,R01,S08,S10,09-09-2026,19:05,1
TKT01046,B301,R03,S16,S07,10-09-2026,10:40,1
TKT01047,B102,R01,S01,S02,11-09-2026,19:42,1
TKT01048,B102,R01,S07,S08,12-09-2026,15:55,2
TKT01049,B301,R03,S21,S23,13-09-2026,12:24,1
TKT01050,B101,R01,S05,S08,14-09-2026,09:16,3
TKT01051,B102,R01,S08,S09,01-09-2026,08:15,2
TKT01052,B102,R01,S01,S08,02-09-2026,17:46,2
TKT01053,B302,R03,S21,S22,03-09-2026,16:32,1
TKT01054,B202,R02,S15,S18,04-09-2026,19:43,3
TKT01055,B103,R01,S09,S10,05-09-2026,13:41,1
TKT01056,B301,R03,S15,S23,06-09-2026,16:51,1
TKT01057,B102,R01,S08,S10,07-09-2026,19:36,2
TKT01058,B102,R01,S01,S03,08-09-2026,09:13,3
TKT01059,B203,R02,S17,S18,09-09-2026,07:17,3
TKT01060,B201,R02,S02,S17,10-09-2026,07:17,1
TKT01061,B502,R05,S30,S03,11-09-2026,18:32,3
TKT01062,B101,R01,S06,S10,12-09-2026,07:47,1
TKT01063,B401,R04,S24,S25,13-09-2026,19:41,1
TKT01064,B502,R05,S13,S07,14-09-2026,17:22,2
TKT01065,B102,R01,S06,S09,01-09-2026,18:50,2
TKT01066,B201,R02,S11,S17,02-09-2026,18:00,2
TKT01067,B502,R05,S13,S04,03-09-2026,18:40,1
TKT01068,B303,R03,S06,S22,04-09-2026,13:56,2
TKT01069,B201,R02,S15,S16,05-09-2026,19:16,2
TKT01070,B101,R01,S07,S08,06-09-2026,16:47,4
TKT01071,B101,R01,S05,S06,07-09-2026,06:43,1
TKT01072,B501,R05,S11,S03,08-09-2026,14:10,2
TKT01073,B102,R01,S08,S10,09-09-2026,09:00,2
TKT01074,B303,R03,S19,S20,10-09-2026,09:07,2
TKT01075,B202,R02,S16,S17,11-09-2026,19:08,3
TKT01076,B103,R01,S06,S07,12-09-2026,19:14,2
TKT01077,B503,R05,S29,S30,13-09-2026,18:26,1
TKT01078,B202,R02,S16,S17,14-09-2026,08:27,3
TKT01079,B501,R05,S31,S20,01-09-2026,14:04,2
TKT01080,B301,R03,S20,S21,02-09-2026,18:33,1
TKT01081,B503,R05,S30,S31,03-09-2026,13:40,2
TKT01082,B202,R02,S15,S18,04-09-2026,20:34,1
TKT01083,B502,R05,S03,S20,05-09-2026,18:44,2
TKT01084,B302,R03,S07,S23,06-09-2026,07:14,2
TKT01085,B401,R04,S06,S05,07-09-2026,16:11,1
TKT01086,B302,R03,S21,S23,08-09-2026,17:41,1
TKT01087,B402,R04,S06,S28,09-09-2026,08:34,2
TKT01088,B303,R03,S06,S21,10-09-2026,11:01,1
TKT01089,B103,R01,S09,S10,11-09-2026,16:51,3
TKT01090,B501,R05,S04,S07,12-09-2026,18:56,1
TKT01091,B303,R03,S20,S23,13-09-2026,19:46,1
TKT01092,B202,R02,S12,S17,14-09-2026,17:17,1
TKT01093,B501,R05,S02,S04,01-09-2026,17:21,3
TKT01094,B202,R02,S12,S18,02-09-2026,07:07,3
TKT01095,B502,R05,S13,S02,03-09-2026,18:46,2
TKT01096,B402,R04,S06,S03,04-09-2026,15:22,2
TKT01097,B101,R01,S01,S05,05-09-2026,09:57,3
TKT01098,B101,R01,S09,S10,06-09-2026,15:25,2
TKT01099,B101,R01,S06,S08,07-09-2026,07:58,2
TKT01100,B301,R03,S22,S23,08-09-2026,18:49,3
TKT01101,B502,R05,S03,S04,09-09-2026,18:29,3
TKT01102,B401,R04,S07,S28,10-09-2026,07:14,4
TKT01103,B202,R02,S13,S02,11-09-2026,10:28,3
TKT01104,B403,R04,S03,S01,12-09-2026,18:51,3
TKT01105,B201,R02,S12,S02,13-09-2026,16:13,1
TKT01106,B201,R02,S15,S16,14-09-2026,07:36,3
TKT01107,B401,R04,S06,S05,01-09-2026,14:23,1
TKT01108,B303,R03,S22,S23,02-09-2026,13:45,2
TKT01109,B101,R01,S01,S05,03-09-2026,09:28,3
TKT01110,B201,R02,S14,S16,04-09-2026,10:41,1
TKT01111,B303,R03,S22,S23,05-09-2026,09:51,1
TKT01112,B302,R03,S15,S07,06-09-2026,17:17,3
TKT01113,B203,R02,S12,S14,07-09-2026,12:56,1
TKT01114,B502,R05,S07,S20,08-09-2026,11:05,1
TKT01115,B103,R01,S01,S02,09-09-2026,18:03,4
TKT01116,B402,R04,S07,S06,10-09-2026,08:01,2
TKT01117,B202,R02,S15,S17,11-09-2026,09:36,2
TKT01118,B202,R02,S02,S17,12-09-2026,17:44,1
TKT01119,B402,R04,S24,S26,13-09-2026,10:04,1
TKT01120,B101,R01,S01,S02,14-09-2026,09:51,1
TKT01121,B301,R03,S22,S23,01-09-2026,18:43,3
TKT01122,B401,R04,S25,S06,02-09-2026,18:12,3
TKT01123,B101,R01,S07,S08,03-09-2026,15:03,1
TKT01124,B301,R03,S16,S23,04-09-2026,07:08,3
TKT01125,B301,R03,S21,S22,05-09-2026,08:39,1
TKT01126,B101,R01,S09,S10,06-09-2026,19:48,2
TKT01127,B202,R02,S13,S14,07-09-2026,13:00,1
TKT01128,B303,R03,S06,S22,08-09-2026,14:35,2
TKT01129,B201,R02,S16,S17,09-09-2026,09:55,1
TKT01130,B502,R05,S03,S07,10-09-2026,14:50,2
TKT01131,B101,R01,S07,S10,11-09-2026,19:05,3
TKT01132,B202,R02,S17,S18,12-09-2026,10:40,1
TKT01133,B302,R03,S16,S22,13-09-2026,09:34,3
TKT01134,B101,R01,S06,S10,14-09-2026,12:39,1
TKT01135,B202,R02,S15,S16,01-09-2026,14:34,2
TKT01136,B102,R01,S06,S07,02-09-2026,12:05,2
TKT01137,B503,R05,S04,S20,03-09-2026,09:31,1
TKT01138,B502,R05,S07,S20,04-09-2026,11:45,3
TKT01139,B101,R01,S07,S08,05-09-2026,09:37,2
TKT01140,B303,R03,S07,S21,06-09-2026,17:00,2
TKT01141,B103,R01,S09,S10,07-09-2026,09:52,4
TKT01142,B103,R01,S01,S09,08-09-2026,10:01,1
TKT01143,B402,R04,S25,S05,09-09-2026,14:52,1
TKT01144,B402,R04,S25,S01,10-09-2026,17:30,3
TKT01145,B301,R03,S19,S20,11-09-2026,17:56,1
TKT01146,B403,R04,S25,S07,12-09-2026,12:19,1
TKT01147,B102,R01,S05,S10,13-09-2026,18:57,3
TKT01148,B201,R02,S13,S02,14-09-2026,18:27,2
TKT01149,B302,R03,S15,S19,01-09-2026,15:38,2
TKT01150,B401,R04,S28,S01,02-09-2026,19:28,2
TKT01151,B401,R04,S28,S01,03-09-2026,19:55,2
TKT01152,B102,R01,S03,S04,04-09-2026,09:27,2
TKT01153,B401,R04,S24,S25,05-09-2026,19:20,1
TKT01154,B501,R05,S04,S07,06-09-2026,19:43,1
TKT01155,B301,R03,S07,S22,07-09-2026,14:06,2
TKT01156,B301,R03,S06,S07,08-09-2026,19:08,1
TKT01157,B503,R05,S29,S31,09-09-2026,19:17,3
TKT01158,B201,R02,S17,S18,10-09-2026,17:25,1
TKT01159,B403,R04,S25,S26,11-09-2026,12:53,2
TKT01160,B302,R03,S16,S19,12-09-2026,11:06,1
TKT01161,B102,R01,S04,S07,13-09-2026,07:28,3
TKT01162,B503,R05,S03,S20,14-09-2026,16:48,1
TKT01163,B303,R03,S16,S07,01-09-2026,16:03,1
TKT01164,B102,R01,S07,S09,02-09-2026,11:22,2
TKT01165,B103,R01,S07,S09,03-09-2026,06:10,1
TKT01166,B303,R03,S07,S20,04-09-2026,07:55,2
TKT01167,B402,R04,S28,S01,05-09-2026,11:30,1
TKT01168,B502,R05,S11,S07,06-09-2026,10:49,1
TKT01169,B501,R05,S02,S07,07-09-2026,10:55,2
TKT01170,B401,R04,S24,S05,08-09-2026,19:46,2
TKT01171,B102,R01,S01,S02,09-09-2026,08:36,4
TKT01172,B101,R01,S05,S10,10-09-2026,09:24,3
TKT01173,B403,R04,S06,S03,11-09-2026,11:19,2
TKT01174,B201,R02,S17,S18,12-09-2026,07:40,2
TKT01175,B101,R01,S06,S09,13-09-2026,12:46,2
TKT01176,B101,R01,S05,S08,14-09-2026,07:10,1
TKT01177,B103,R01,S03,S09,01-09-2026,18:46,3
TKT01178,B201,R02,S15,S18,02-09-2026,07:13,3
TKT01179,B201,R02,S13,S02,03-09-2026,07:24,3
TKT01180,B303,R03,S21,S23,04-09-2026,17:00,2
TKT01181,B301,R03,S20,S23,05-09-2026,09:37,1
TKT01182,B103,R01,S03,S05,06-09-2026,14:43,2
TKT01183,B201,R02,S11,S16,07-09-2026,08:11,2
TKT01184,B101,R01,S05,S07,08-09-2026,19:05,3
TKT01185,B201,R02,S16,S18,09-09-2026,15:24,1
TKT01186,B501,R05,S13,S02,10-09-2026,12:19,1
TKT01187,B302,R03,S22,S23,11-09-2026,12:12,3
TKT01188,B203,R02,S17,S18,12-09-2026,18:08,2
TKT01189,B402,R04,S28,S01,13-09-2026,19:12,2
TKT01190,B202,R02,S17,S18,14-09-2026,14:20,2
TKT01191,B201,R02,S16,S18,01-09-2026,21:53,1
TKT01192,B501,R05,S29,S02,02-09-2026,08:06,4
TKT01193,B103,R01,S01,S09,03-09-2026,16:47,1
TKT01194,B103,R01,S07,S09,04-09-2026,16:55,3
TKT01195,B101,R01,S08,S10,05-09-2026,19:40,4
TKT01196,B502,R05,S02,S03,06-09-2026,21:15,1
TKT01197,B101,R01,S02,S09,07-09-2026,10:27,1
TKT01198,B303,R03,S16,S19,08-09-2026,07:21,2
TKT01199,B502,R05,S03,S04,09-09-2026,21:59,2
TKT01200,B102,R01,S06,S07,10-09-2026,08:21,3
TKT01201,B103,R01,S02,S05,11-09-2026,09:01,2
TKT01202,B303,R03,S06,S23,12-09-2026,08:09,2
TKT01203,B103,R01,S02,S06,13-09-2026,09:55,3
TKT01204,B103,R01,S09,S10,14-09-2026,14:48,1
TKT01205,B301,R03,S22,S23,01-09-2026,07:30,2
TKT01206,B201,R02,S11,S15,02-09-2026,18:54,3
TKT01207,B202,R02,S11,S13,03-09-2026,09:39,2
TKT01208,B201,R02,S13,S14,04-09-2026,20:15,1
TKT01209,B103,R01,S02,S05,05-09-2026,13:04,1
TKT01210,B502,R05,S31,S07,06-09-2026,08:09,2
TKT01211,B303,R03,S07,S21,07-09-2026,18:00,1
TKT01212,B301,R03,S21,S23,08-09-2026,17:46,4
TKT01213,B301,R03,S20,S22,09-09-2026,07:25,1
TKT01214,B101,R01,S02,S09,10-09-2026,07:24,2
TKT01215,B202,R02,S17,S18,11-09-2026,15:11,1
TKT01216,B201,R02,S11,S12,12-09-2026,08:33,1
TKT01217,B303,R03,S07,S23,13-09-2026,19:03,1
TKT01218,B503,R05,S11,S02,14-09-2026,17:11,2
TKT01219,B302,R03,S22,S23,01-09-2026,12:19,1
TKT01220,B402,R04,S03,S01,02-09-2026,12:32,3
TKT01221,B101,R01,S01,S02,03-09-2026,07:38,3
TKT01222,B502,R05,S11,S02,04-09-2026,18:47,2
TKT01223,B503,R05,S13,S20,05-09-2026,19:53,3
TKT01224,B103,R01,S05,S06,06-09-2026,19:22,3
TKT01225,B302,R03,S15,S21,07-09-2026,10:35,1
TKT01226,B403,R04,S03,S28,08-09-2026,08:14,1
TKT01227,B101,R01,S06,S08,09-09-2026,08:49,5
TKT01228,B501,R05,S07,S20,10-09-2026,19:19,2
TKT01229,B202,R02,S02,S14,11-09-2026,09:54,1
TKT01230,B201,R02,S12,S02,12-09-2026,19:28,3
TKT01231,B102,R01,S09,S10,13-09-2026,13:40,1
TKT01232,B102,R01,S06,S07,14-09-2026,19:56,1
TKT01233,B201,R02,S02,S16,01-09-2026,16:28,1
TKT01234,B301,R03,S15,S20,02-09-2026,16:27,2
TKT01235,B102,R01,S02,S06,03-09-2026,08:27,3
TKT01236,B103,R01,S01,S06,04-09-2026,07:28,2
TKT01237,B103,R01,S08,S09,05-09-2026,08:37,3
TKT01238,B502,R05,S07,S20,06-09-2026,19:51,1
TKT01239,B301,R03,S19,S23,07-09-2026,08:12,3
TKT01240,B103,R01,S07,S08,08-09-2026,20:10,2
TKT01241,B402,R04,S24,S03,09-09-2026,19:05,1
TKT01242,B302,R03,S20,S22,10-09-2026,06:47,1
TKT01243,B402,R04,S25,S07,11-09-2026,18:15,2
TKT01244,B302,R03,S22,S23,12-09-2026,19:31,2
TKT01245,B402,R04,S07,S06,13-09-2026,18:15,2
TKT01246,B102,R01,S04,S10,14-09-2026,15:03,3
TKT01247,B401,R04,S03,S28,01-09-2026,09:23,2
TKT01248,B503,R05,S02,S07,02-09-2026,09:37,3
TKT01249,B103,R01,S09,S10,03-09-2026,19:24,2
TKT01250,B102,R01,S09,S10,04-09-2026,17:51,2
TKT01251,B403,R04,S03,S01,05-09-2026,07:35,3
TKT01252,B201,R02,S02,S16,06-09-2026,15:04,1
TKT01253,B202,R02,S12,S02,07-09-2026,19:06,3
TKT01254,B301,R03,S22,S23,08-09-2026,19:06,1
TKT01255,B201,R02,S11,S16,09-09-2026,09:24,1
TKT01256,B502,R05,S13,S07,10-09-2026,19:18,3
TKT01257,B301,R03,S15,S19,11-09-2026,21:16,1
TKT01258,B203,R02,S14,S16,12-09-2026,16:33,1
TKT01259,B303,R03,S06,S21,13-09-2026,09:58,2
TKT01260,B201,R02,S02,S14,14-09-2026,19:28,5
TKT01261,B303,R03,S20,S21,01-09-2026,17:32,1
TKT01262,B302,R03,S20,S22,02-09-2026,18:30,2
TKT01263,B101,R01,S09,S10,03-09-2026,07:42,2
TKT01264,B101,R01,S08,S10,04-09-2026,07:42,2
TKT01265,B203,R02,S16,S18,05-09-2026,08:57,2
TKT01266,B102,R01,S09,S10,06-09-2026,11:22,1
TKT01267,B302,R03,S22,S23,07-09-2026,11:26,2
TKT01268,B203,R02,S15,S18,08-09-2026,10:12,1
TKT01269,B401,R04,S05,S01,09-09-2026,18:58,2
TKT01270,B101,R01,S01,S02,10-09-2026,18:19,1
TKT01271,B201,R02,S17,S18,11-09-2026,19:56,3
TKT01272,B402,R04,S26,S05,12-09-2026,08:18,3
TKT01273,B101,R01,S06,S08,13-09-2026,09:16,3
TKT01274,B302,R03,S21,S23,14-09-2026,07:54,1
TKT01275,B503,R05,S29,S13,01-09-2026,17:25,3
TKT01276,B401,R04,S25,S07,02-09-2026,08:05,2
TKT01277,B101,R01,S01,S08,03-09-2026,09:49,3
TKT01278,B401,R04,S05,S03,04-09-2026,19:00,4
TKT01279,B102,R01,S07,S09,05-09-2026,13:00,1
TKT01280,B201,R02,S12,S17,06-09-2026,08:06,1
TKT01281,B403,R04,S25,S03,07-09-2026,09:24,3
TKT01282,B203,R02,S02,S18,08-09-2026,13:33,1
TKT01283,B102,R01,S05,S08,09-09-2026,19:43,5
TKT01284,B201,R02,S15,S16,10-09-2026,17:11,2
TKT01285,B403,R04,S25,S06,11-09-2026,10:28,2
TKT01286,B301,R03,S20,S21,12-09-2026,19:34,3
TKT01287,B403,R04,S25,S07,13-09-2026,09:35,4
TKT01288,B302,R03,S15,S20,14-09-2026,06:12,1
TKT01289,B503,R05,S03,S20,01-09-2026,07:41,3
TKT01290,B401,R04,S05,S01,02-09-2026,18:12,3
TKT01291,B103,R01,S07,S10,03-09-2026,16:27,1
TKT01292,B203,R02,S11,S13,04-09-2026,17:08,5
TKT01293,B503,R05,S02,S04,05-09-2026,10:40,1
TKT01294,B201,R02,S13,S02,06-09-2026,09:57,3
TKT01295,B402,R04,S24,S25,07-09-2026,18:29,1
TKT01296,B402,R04,S05,S03,08-09-2026,08:11,1
TKT01297,B201,R02,S16,S17,09-09-2026,10:38,1
TKT01298,B102,R01,S01,S04,10-09-2026,09:13,2
TKT01299,B303,R03,S07,S23,11-09-2026,07:07,1
TKT01300,B103,R01,S07,S08,12-09-2026,18:11,1
TKT01301,B501,R05,S04,S20,13-09-2026,18:09,2
TKT01302,B301,R03,S21,S22,14-09-2026,10:25,1
TKT01303,B203,R02,S14,S15,01-09-2026,08:00,5
TKT01304,B302,R03,S07,S20,02-09-2026,06:32,1
TKT01305,B501,R05,S07,S20,03-09-2026,13:18,1
TKT01306,B503,R05,S31,S02,04-09-2026,16:40,1
TKT01307,B302,R03,S21,S23,05-09-2026,08:55,2
TKT01308,B203,R02,S16,S18,06-09-2026,08:16,2
TKT01309,B202,R02,S16,S18,07-09-2026,08:32,3
TKT01310,B102,R01,S02,S03,08-09-2026,17:33,1
TKT01311,B102,R01,S05,S06,09-09-2026,06:34,1
TKT01312,B401,R04,S05,S03,10-09-2026,17:22,1
TKT01313,B101,R01,S05,S07,11-09-2026,19:22,2
TKT01314,B401,R04,S06,S01,12-09-2026,08:32,3
TKT01315,B302,R03,S21,S23,13-09-2026,13:21,1
TKT01316,B302,R03,S22,S23,14-09-2026,09:44,2
TKT01317,B101,R01,S03,S08,01-09-2026,18:54,2
TKT01318,B301,R03,S06,S20,02-09-2026,17:47,2
TKT01319,B401,R04,S28,S01,03-09-2026,08:02,2
TKT01320,B401,R04,S03,S01,04-09-2026,18:13,2
TKT01321,B303,R03,S06,S07,05-09-2026,10:00,1
TKT01322,B302,R03,S21,S23,06-09-2026,21:23,1
TKT01323,B301,R03,S15,S22,07-09-2026,09:45,3
TKT01324,B401,R04,S25,S26,08-09-2026,17:04,3
TKT01325,B202,R02,S11,S15,09-09-2026,07:06,2
TKT01326,B203,R02,S11,S13,10-09-2026,17:30,2
TKT01327,B402,R04,S06,S01,11-09-2026,17:05,1
TKT01328,B301,R03,S07,S22,12-09-2026,19:40,4
TKT01329,B201,R02,S12,S14,13-09-2026,08:01,2
TKT01330,B502,R05,S30,S02,14-09-2026,11:09,2
TKT01331,B101,R01,S03,S05,01-09-2026,16:18,2
TKT01332,B302,R03,S16,S15,02-09-2026,17:42,1
TKT01333,B402,R04,S07,S06,03-09-2026,17:00,1
TKT01334,B202,R02,S13,S14,04-09-2026,17:10,2
TKT01335,B303,R03,S20,S23,05-09-2026,07:30,3
TKT01336,B303,R03,S21,S22,06-09-2026,08:04,2
TKT01337,B301,R03,S21,S22,07-09-2026,07:45,1
TKT01338,B203,R02,S02,S14,08-09-2026,12:26,1
TKT01339,B103,R01,S05,S08,09-09-2026,20:59,2
TKT01340,B101,R01,S08,S10,10-09-2026,08:02,2
TKT01341,B503,R05,S13,S07,11-09-2026,14:54,1
TKT01342,B303,R03,S20,S21,12-09-2026,10:55,1
TKT01343,B402,R04,S26,S07,13-09-2026,06:53,3
TKT01344,B501,R05,S03,S07,14-09-2026,19:10,2
TKT01345,B201,R02,S15,S16,01-09-2026,07:35,2
TKT01346,B503,R05,S13,S02,02-09-2026,19:39,1
TKT01347,B403,R04,S24,S05,03-09-2026,08:24,3
TKT01348,B502,R05,S13,S04,04-09-2026,09:43,2
TKT01349,B103,R01,S03,S06,05-09-2026,09:57,2
TKT01350,B401,R04,S26,S06,06-09-2026,08:17,1
TKT01351,B403,R04,S06,S01,07-09-2026,17:28,2
TKT01352,B103,R01,S09,S10,08-09-2026,18:00,2
TKT01353,B202,R02,S16,S17,09-09-2026,17:52,1
TKT01354,B201,R02,S14,S15,10-09-2026,17:45,2
TKT01355,B301,R03,S22,S23,11-09-2026,09:17,1
TKT01356,B301,R03,S19,S20,12-09-2026,07:46,2
TKT01357,B201,R02,S17,S18,13-09-2026,15:22,1
TKT01358,B301,R03,S07,S23,14-09-2026,15:30,1
TKT01359,B401,R04,S25,S05,01-09-2026,09:23,3
TKT01360,B502,R05,S11,S02,02-09-2026,15:15,1
TKT01361,B302,R03,S15,S22,03-09-2026,07:39,4
TKT01362,B202,R02,S13,S02,04-09-2026,19:39,2
TKT01363,B403,R04,S26,S03,05-09-2026,08:22,3
TKT01364,B102,R01,S05,S09,06-09-2026,17:08,2
TKT01365,B202,R02,S11,S02,07-09-2026,12:37,2
TKT01366,B403,R04,S26,S06,08-09-2026,09:58,1
TKT01367,B103,R01,S02,S03,09-09-2026,17:48,2
TKT01368,B401,R04,S05,S28,10-09-2026,21:05,1
TKT01369,B201,R02,S13,S16,11-09-2026,07:55,5
TKT01370,B102,R01,S02,S07,12-09-2026,10:21,1
TKT01371,B301,R03,S16,S19,13-09-2026,14:58,1
TKT01372,B201,R02,S14,S17,14-09-2026,16:47,2
TKT01373,B402,R04,S07,S06,01-09-2026,17:25,3
TKT01374,B401,R04,S26,S07,02-09-2026,19:17,2
TKT01375,B101,R01,S02,S03,03-09-2026,13:51,1
TKT01376,B202,R02,S16,S17,04-09-2026,16:20,1
TKT01377,B203,R02,S14,S15,05-09-2026,16:57,2
TKT01378,B401,R04,S07,S05,06-09-2026,18:33,3
TKT01379,B501,R05,S07,S20,07-09-2026,17:30,1
TKT01380,B402,R04,S06,S01,08-09-2026,17:06,1
TKT01381,B101,R01,S01,S08,09-09-2026,19:13,1
TKT01382,B402,R04,S26,S06,10-09-2026,09:14,3
TKT01383,B303,R03,S07,S22,11-09-2026,13:36,1
TKT01384,B402,R04,S05,S03,12-09-2026,08:25,2
TKT01385,B103,R01,S09,S10,13-09-2026,09:30,1
TKT01386,B303,R03,S21,S23,14-09-2026,08:00,3
TKT01387,B102,R01,S07,S09,01-09-2026,17:41,3
TKT01388,B401,R04,S07,S03,02-09-2026,07:34,1
TKT01389,B203,R02,S16,S17,03-09-2026,09:00,2
TKT01390,B401,R04,S03,S01,04-09-2026,09:16,1
TKT01391,B501,R05,S11,S02,05-09-2026,17:30,3
TKT01392,B401,R04,S03,S01,06-09-2026,13:07,2
TKT01393,B203,R02,S14,S16,07-09-2026,18:57,1
TKT01394,B101,R01,S08,S10,08-09-2026,19:05,1
TKT01395,B101,R01,S09,S10,09-09-2026,11:30,2
TKT01396,B301,R03,S19,S06,10-09-2026,17:54,4
TKT01397,B202,R02,S11,S14,11-09-2026,09:36,3
TKT01398,B402,R04,S05,S03,12-09-2026,17:41,1
TKT01399,B401,R04,S25,S01,13-09-2026,08:25,1
TKT01400,B303,R03,S15,S07,14-09-2026,09:00,2
TKT01401,B103,R01,S01,S04,01-09-2026,18:08,2
TKT01402,B503,R05,S29,S13,02-09-2026,15:39,5
TKT01403,B502,R05,S02,S07,03-09-2026,15:31,1
TKT01404,B402,R04,S06,S01,04-09-2026,18:29,2
TKT01405,B302,R03,S20,S22,05-09-2026,09:19,2
TKT01406,B303,R03,S07,S23,06-09-2026,19:19,4
TKT01407,B302,R03,S15,S07,07-09-2026,16:25,2
TKT01408,B102,R01,S01,S02,08-09-2026,10:59,2
TKT01409,B303,R03,S06,S07,09-09-2026,09:20,1
TKT01410,B202,R02,S02,S15,10-09-2026,13:03,1
TKT01411,B303,R03,S16,S20,11-09-2026,06:40,2
TKT01412,B203,R02,S16,S18,12-09-2026,18:55,3
TKT01413,B201,R02,S16,S17,13-09-2026,18:11,3
TKT01414,B202,R02,S15,S16,14-09-2026,11:06,1
TKT01415,B501,R05,S07,S20,01-09-2026,16:00,2
TKT01416,B403,R04,S28,S01,02-09-2026,12:40,1
TKT01417,B303,R03,S19,S23,03-09-2026,19:41,2
TKT01418,B301,R03,S22,S23,04-09-2026,08:12,5
TKT01419,B403,R04,S05,S03,05-09-2026,19:38,1
TKT01420,B403,R04,S25,S28,06-09-2026,08:38,1
TKT01421,B101,R01,S08,S10,07-09-2026,10:31,1
TKT01422,B203,R02,S14,S16,08-09-2026,16:01,2
TKT01423,B203,R02,S15,S17,09-09-2026,19:59,1
TKT01424,B203,R02,S15,S16,10-09-2026,18:21,4
TKT01425,B301,R03,S20,S23,11-09-2026,12:39,3
TKT01426,B203,R02,S16,S17,12-09-2026,09:34,3
TKT01427,B202,R02,S02,S16,13-09-2026,08:15,3
TKT01428,B201,R02,S12,S02,14-09-2026,07:49,1
TKT01429,B402,R04,S26,S03,01-09-2026,21:53,1
TKT01430,B203,R02,S02,S16,02-09-2026,21:47,1
TKT01431,B102,R01,S02,S08,03-09-2026,07:41,3
TKT01432,B401,R04,S25,S26,04-09-2026,15:12,1
TKT01433,B301,R03,S16,S20,05-09-2026,10:18,1
TKT01434,B501,R05,S02,S07,06-09-2026,18:38,4
TKT01435,B502,R05,S04,S20,07-09-2026,11:29,3
TKT01436,B402,R04,S07,S06,08-09-2026,13:19,3
TKT01437,B301,R03,S19,S06,09-09-2026,19:37,2
TKT01438,B401,R04,S25,S06,10-09-2026,09:19,2
TKT01439,B303,R03,S07,S22,11-09-2026,08:11,2
TKT01440,B503,R05,S11,S20,12-09-2026,11:00,2
TKT01441,B201,R02,S14,S16,13-09-2026,09:29,1
TKT01442,B402,R04,S06,S05,14-09-2026,07:33,1
TKT01443,B402,R04,S28,S01,01-09-2026,14:32,2
TKT01444,B101,R01,S08,S09,02-09-2026,07:57,2
TKT01445,B501,R05,S13,S04,03-09-2026,18:53,3
TKT01446,B302,R03,S06,S22,04-09-2026,19:23,5
TKT01447,B503,R05,S03,S04,05-09-2026,12:24,2
TKT01448,B401,R04,S03,S01,06-09-2026,08:01,4
TKT01449,B101,R01,S09,S10,07-09-2026,13:24,1
TKT01450,B402,R04,S03,S01,08-09-2026,09:07,2
TKT01451,B502,R05,S04,S07,09-09-2026,19:58,2
TKT01452,B103,R01,S01,S06,10-09-2026,08:08,1
TKT01453,B401,R04,S28,S01,11-09-2026,10:41,2
TKT01454,B102,R01,S04,S05,12-09-2026,15:23,1
TKT01455,B503,R05,S29,S13,13-09-2026,19:41,1
TKT01456,B102,R01,S01,S02,14-09-2026,07:18,2
TKT01457,B103,R01,S01,S03,01-09-2026,09:00,2
TKT01458,B203,R02,S12,S14,02-09-2026,07:02,3
TKT01459,B503,R05,S03,S04,03-09-2026,18:08,1
TKT01460,B401,R04,S06,S01,04-09-2026,14:43,1
TKT01461,B103,R01,S05,S07,05-09-2026,14:32,1
TKT01462,B501,R05,S11,S31,06-09-2026,16:55,3
TKT01463,B503,R05,S02,S03,07-09-2026,16:49,1
TKT01464,B103,R01,S02,S06,08-09-2026,07:16,2
TKT01465,B302,R03,S19,S21,09-09-2026,16:56,2
TKT01466,B501,R05,S31,S04,10-09-2026,18:31,3
TKT01467,B402,R04,S28,S01,11-09-2026,10:03,2
TKT01468,B103,R01,S01,S04,12-09-2026,10:38,2
TKT01469,B103,R01,S05,S09,13-09-2026,08:27,1
TKT01470,B201,R02,S13,S14,14-09-2026,07:05,2
TKT01471,B201,R02,S16,S17,01-09-2026,07:26,1
TKT01472,B402,R04,S03,S01,02-09-2026,09:22,2
TKT01473,B103,R01,S06,S07,03-09-2026,18:57,4
TKT01474,B302,R03,S07,S20,04-09-2026,13:06,2
TKT01475,B501,R05,S02,S04,05-09-2026,09:08,3
TKT01476,B102,R01,S09,S10,06-09-2026,10:56,2
TKT01477,B402,R04,S06,S03,07-09-2026,11:43,1
TKT01478,B203,R02,S11,S16,08-09-2026,08:36,1
TKT01479,B301,R03,S07,S22,09-09-2026,18:16,2
TKT01480,B402,R04,S25,S03,10-09-2026,10:08,2
TKT01481,B302,R03,S15,S22,11-09-2026,12:10,1
TKT01482,B202,R02,S02,S18,12-09-2026,07:28,3
TKT01483,B402,R04,S07,S28,13-09-2026,10:13,1
TKT01484,B403,R04,S05,S01,14-09-2026,07:53,1
TKT01485,B102,R01,S03,S07,01-09-2026,17:44,2
TKT01486,B102,R01,S08,S09,02-09-2026,09:48,1
TKT01487,B201,R02,S16,S17,03-09-2026,06:17,1
TKT01488,B303,R03,S21,S23,04-09-2026,19:23,3
TKT01489,B501,R05,S07,S20,05-09-2026,07:01,3
TKT01490,B301,R03,S22,S23,06-09-2026,08:30,3
TKT01491,B303,R03,S15,S19,07-09-2026,11:07,1
TKT01492,B102,R01,S06,S07,08-09-2026,15:40,2
TKT01493,B301,R03,S21,S22,09-09-2026,16:38,1
TKT01494,B201,R02,S02,S17,10-09-2026,19:24,2
TKT01495,B201,R02,S14,S17,11-09-2026,08:21,3
TKT01496,B102,R01,S06,S09,12-09-2026,07:11,3
TKT01497,B102,R01,S07,S08,13-09-2026,16:45,1
TKT01498,B101,R01,S04,S06,14-09-2026,17:17,2
TKT01499,B302,R03,S06,S23,01-09-2026,19:23,2
TKT01500,B103,R01,S02,S10,02-09-2026,07:28,4
TKT01501,B201,R02,S17,S18,03-09-2026,07:34,2
TKT01502,B302,R03,S16,S06,04-09-2026,18:13,1
TKT01503,B203,R02,S12,S13,05-09-2026,08:15,1
TKT01504,B102,R01,S08,S09,06-09-2026,09:43,2
TKT01505,B102,R01,S03,S06,07-09-2026,07:22,2
TKT01506,B302,R03,S21,S22,08-09-2026,17:00,2
TKT01507,B401,R04,S28,S01,09-09-2026,14:10,1
TKT01508,B303,R03,S07,S23,10-09-2026,13:59,2
TKT01509,B203,R02,S14,S17,11-09-2026,18:08,2
TKT01510,B103,R01,S07,S10,12-09-2026,17:04,1
TKT01511,B103,R01,S09,S10,13-09-2026,10:44,1
TKT01512,B201,R02,S13,S17,14-09-2026,15:38,1
TKT01513,B103,R01,S02,S07,01-09-2026,07:24,3
TKT01514,B102,R01,S04,S05,02-09-2026,08:01,2
TKT01515,B102,R01,S06,S07,03-09-2026,09:52,1
TKT01516,B102,R01,S05,S09,04-09-2026,18:12,3
TKT01517,B402,R04,S05,S28,05-09-2026,17:09,3
TKT01518,B101,R01,S05,S07,06-09-2026,08:27,2
TKT01519,B503,R05,S13,S02,07-09-2026,08:38,4
TKT01520,B101,R01,S01,S05,08-09-2026,17:50,1
TKT01521,B501,R05,S13,S02,09-09-2026,09:52,4
TKT01522,B201,R02,S17,S18,10-09-2026,10:11,1
TKT01523,B102,R01,S02,S06,11-09-2026,19:52,2
TKT01524,B503,R05,S02,S20,12-09-2026,09:34,1
TKT01525,B102,R01,S09,S10,13-09-2026,17:29,3
TKT01526,B502,R05,S30,S13,14-09-2026,17:38,2
TKT01527,B403,R04,S26,S03,01-09-2026,07:14,3
TKT01528,B101,R01,S03,S06,02-09-2026,12:09,2
TKT01529,B403,R04,S07,S03,03-09-2026,18:17,2
TKT01530,B301,R03,S20,S23,04-09-2026,17:13,5
TKT01531,B301,R03,S15,S19,05-09-2026,19:56,2
TKT01532,B301,R03,S22,S23,06-09-2026,09:20,2
TKT01533,B503,R05,S03,S20,07-09-2026,15:13,1
TKT01534,B302,R03,S16,S06,08-09-2026,12:34,2
TKT01535,B102,R01,S06,S07,09-09-2026,08:32,3
TKT01536,B102,R01,S07,S09,10-09-2026,07:31,1
TKT01537,B402,R04,S24,S26,11-09-2026,16:08,1
TKT01538,B303,R03,S20,S23,12-09-2026,18:21,3
TKT01539,B202,R02,S13,S16,13-09-2026,19:07,3
TKT01540,B403,R04,S05,S03,14-09-2026,18:47,1
TKT01541,B101,R01,S04,S06,01-09-2026,07:50,2
TKT01542,B301,R03,S15,S22,02-09-2026,17:40,5
TKT01543,B403,R04,S07,S03,03-09-2026,09:11,1
TKT01544,B101,R01,S05,S06,04-09-2026,13:52,3
TKT01545,B503,R05,S13,S07,05-09-2026,08:28,2
TKT01546,B102,R01,S01,S06,06-09-2026,17:45,1
TKT01547,B302,R03,S07,S21,07-09-2026,12:06,2
TKT01548,B303,R03,S19,S20,08-09-2026,12:29,1
TKT01549,B403,R04,S07,S28,09-09-2026,17:31,2
TKT01550,B501,R05,S11,S07,10-09-2026,10:28,1
TKT01551,B402,R04,S24,S25,11-09-2026,07:56,3
TKT01552,B201,R02,S15,S17,12-09-2026,18:02,2
TKT01553,B402,R04,S07,S06,13-09-2026,16:29,1
TKT01554,B102,R01,S01,S02,14-09-2026,06:02,3
TKT01555,B303,R03,S15,S19,01-09-2026,17:13,1
TKT01556,B201,R02,S16,S17,02-09-2026,17:27,2
TKT01557,B403,R04,S07,S28,03-09-2026,19:36,2
TKT01558,B203,R02,S13,S18,04-09-2026,17:20,3
TKT01559,B102,R01,S01,S03,05-09-2026,17:43,4
TKT01560,B302,R03,S16,S07,06-09-2026,07:27,2
TKT01561,B501,R05,S03,S07,07-09-2026,14:52,1
TKT01562,B302,R03,S15,S06,08-09-2026,09:06,1
TKT01563,B402,R04,S28,S01,09-09-2026,19:17,4
TKT01564,B503,R05,S07,S20,10-09-2026,06:33,1
TKT01565,B502,R05,S07,S20,11-09-2026,08:08,1
TKT01566,B101,R01,S07,S09,12-09-2026,18:13,2
TKT01567,B302,R03,S20,S23,13-09-2026,09:30,3
TKT01568,B103,R01,S08,S09,14-09-2026,18:42,3
TKT01569,B103,R01,S05,S08,01-09-2026,13:12,3
TKT01570,B103,R01,S06,S07,02-09-2026,14:25,3
TKT01571,B203,R02,S12,S02,03-09-2026,09:04,2
TKT01572,B103,R01,S01,S03,04-09-2026,19:49,2
TKT01573,B501,R05,S03,S20,05-09-2026,16:52,1
TKT01574,B103,R01,S08,S09,06-09-2026,18:25,1
TKT01575,B403,R04,S05,S03,07-09-2026,08:06,3
TKT01576,B303,R03,S20,S22,08-09-2026,12:55,1
TKT01577,B103,R01,S02,S05,09-09-2026,14:11,4
TKT01578,B103,R01,S09,S10,10-09-2026,11:24,1
TKT01579,B103,R01,S03,S06,11-09-2026,09:09,2
TKT01580,B103,R01,S03,S05,12-09-2026,18:29,2
TKT01581,B102,R01,S07,S08,13-09-2026,08:47,5
TKT01582,B103,R01,S04,S05,14-09-2026,08:10,3
TKT01583,B201,R02,S13,S16,01-09-2026,18:38,1
TKT01584,B201,R02,S02,S14,02-09-2026,09:27,3
TKT01585,B101,R01,S07,S10,03-09-2026,17:42,1
TKT01586,B401,R04,S06,S01,04-09-2026,19:18,4
TKT01587,B201,R02,S15,S17,05-09-2026,12:41,3
TKT01588,B301,R03,S21,S22,06-09-2026,09:06,3
TKT01589,B301,R03,S22,S23,07-09-2026,08:18,3
TKT01590,B203,R02,S11,S14,08-09-2026,10:58,1
TKT01591,B503,R05,S03,S07,09-09-2026,08:09,1
TKT01592,B302,R03,S20,S23,10-09-2026,08:45,3
TKT01593,B301,R03,S16,S07,11-09-2026,10:27,1
TKT01594,B202,R02,S16,S18,12-09-2026,19:58,3
TKT01595,B501,R05,S11,S13,13-09-2026,07:57,4
TKT01596,B402,R04,S05,S03,14-09-2026,17:42,2
TKT01597,B302,R03,S22,S23,01-09-2026,12:54,1
TKT01598,B401,R04,S03,S01,02-09-2026,18:27,1
TKT01599,B102,R01,S01,S08,03-09-2026,11:45,2
TKT01600,B503,R05,S02,S07,04-09-2026,07:52,1
TKT01601,B103,R01,S05,S06,05-09-2026,18:00,2
TKT01602,B302,R03,S15,S19,06-09-2026,18:40,3
TKT01603,B401,R04,S25,S07,07-09-2026,12:56,1
TKT01604,B102,R01,S09,S10,08-09-2026,07:43,1
TKT01605,B102,R01,S02,S03,09-09-2026,16:50,1
TKT01606,B301,R03,S22,S23,10-09-2026,19:02,2
TKT01607,B302,R03,S20,S22,11-09-2026,14:51,2
TKT01608,B201,R02,S11,S02,12-09-2026,17:58,1
TKT01609,B302,R03,S21,S23,13-09-2026,13:15,1
TKT01610,B302,R03,S07,S22,14-09-2026,09:17,2
TKT01611,B102,R01,S02,S10,01-09-2026,08:19,1
TKT01612,B302,R03,S16,S06,02-09-2026,19:33,3
TKT01613,B201,R02,S15,S16,03-09-2026,17:41,2
TKT01614,B501,R05,S04,S20,04-09-2026,17:12,3
TKT01615,B303,R03,S21,S23,05-09-2026,07:05,2
TKT01616,B302,R03,S16,S21,06-09-2026,08:53,2
TKT01617,B302,R03,S19,S06,07-09-2026,07:23,4
TKT01618,B103,R01,S08,S09,08-09-2026,20:18,2
TKT01619,B303,R03,S21,S23,09-09-2026,18:50,1
TKT01620,B202,R02,S02,S16,10-09-2026,08:12,3
TKT01621,B303,R03,S07,S23,11-09-2026,15:48,1
TKT01622,B201,R02,S17,S18,12-09-2026,07:29,1
TKT01623,B103,R01,S06,S08,13-09-2026,09:57,3
TKT01624,B103,R01,S04,S08,14-09-2026,15:33,1
TKT01625,B402,R04,S05,S28,01-09-2026,20:45,1
TKT01626,B303,R03,S16,S22,02-09-2026,18:22,4
TKT01627,B302,R03,S22,S23,03-09-2026,07:59,4
TKT01628,B201,R02,S16,S17,04-09-2026,19:57,2
TKT01629,B303,R03,S22,S23,05-09-2026,13:22,2
TKT01630,B203,R02,S02,S17,06-09-2026,13:19,4
TKT01631,B401,R04,S28,S01,07-09-2026,16:17,1
TKT01632,B201,R02,S02,S14,08-09-2026,09:47,1
TKT01633,B101,R01,S08,S10,09-09-2026,09:33,4
TKT01634,B101,R01,S01,S08,10-09-2026,17:25,3
TKT01635,B403,R04,S07,S03,11-09-2026,19:36,1
TKT01636,B402,R04,S25,S05,12-09-2026,09:21,2
TKT01637,B303,R03,S20,S21,13-09-2026,18:53,2
TKT01638,B103,R01,S02,S06,14-09-2026,09:12,2
TKT01639,B301,R03,S21,S23,01-09-2026,07:59,1
TKT01640,B101,R01,S07,S08,02-09-2026,13:54,2
TKT01641,B302,R03,S20,S21,03-09-2026,07:07,2
TKT01642,B102,R01,S07,S10,04-09-2026,17:37,2
TKT01643,B503,R05,S31,S04,05-09-2026,07:01,2
TKT01644,B103,R01,S02,S05,06-09-2026,08:38,1
TKT01645,B301,R03,S22,S23,07-09-2026,15:26,3
TKT01646,B102,R01,S06,S07,08-09-2026,14:29,1
TKT01647,B202,R02,S17,S18,09-09-2026,18:42,2
TKT01648,B103,R01,S07,S09,10-09-2026,09:13,2
TKT01649,B202,R02,S11,S14,11-09-2026,18:52,1
TKT01650,B401,R04,S06,S03,12-09-2026,08:10,3
TKT01651,B103,R01,S06,S09,13-09-2026,21:34,1
TKT01652,B501,R05,S13,S07,14-09-2026,17:57,1
TKT01653,B101,R01,S07,S10,01-09-2026,06:04,1
TKT01654,B402,R04,S25,S01,02-09-2026,08:08,1
TKT01655,B403,R04,S28,S01,03-09-2026,09:55,3
TKT01656,B501,R05,S31,S07,04-09-2026,09:48,1
TKT01657,B301,R03,S16,S15,05-09-2026,09:14,2
TKT01658,B501,R05,S03,S07,06-09-2026,08:08,3
TKT01659,B302,R03,S20,S21,07-09-2026,12:04,4
TKT01660,B102,R01,S09,S10,08-09-2026,17:23,2
TKT01661,B102,R01,S07,S09,09-09-2026,08:52,2
TKT01662,B503,R05,S13,S03,10-09-2026,08:05,2
TKT01663,B403,R04,S07,S06,11-09-2026,08:16,3
TKT01664,B303,R03,S16,S19,12-09-2026,11:17,1
TKT01665,B303,R03,S20,S23,13-09-2026,06:02,1
TKT01666,B202,R02,S15,S16,14-09-2026,08:25,2
TKT01667,B303,R03,S15,S22,01-09-2026,07:14,2
TKT01668,B102,R01,S08,S09,02-09-2026,17:30,2
TKT01669,B302,R03,S06,S21,03-09-2026,12:56,2
TKT01670,B201,R02,S16,S17,04-09-2026,12:11,1
TKT01671,B402,R04,S28,S01,05-09-2026,08:27,1
TKT01672,B301,R03,S21,S22,06-09-2026,19:18,1
TKT01673,B402,R04,S26,S06,07-09-2026,19:20,1
TKT01674,B103,R01,S07,S08,08-09-2026,09:51,1
TKT01675,B301,R03,S20,S21,09-09-2026,07:48,2
TKT01676,B501,R05,S04,S07,10-09-2026,07:48,2
TKT01677,B101,R01,S05,S09,11-09-2026,13:07,3
TKT01678,B202,R02,S12,S02,12-09-2026,18:04,3
TKT01679,B201,R02,S13,S18,13-09-2026,21:54,1
TKT01680,B401,R04,S28,S01,14-09-2026,18:40,1
TKT01681,B401,R04,S28,S01,01-09-2026,07:32,2
TKT01682,B102,R01,S09,S10,02-09-2026,17:18,3
TKT01683,B401,R04,S24,S03,03-09-2026,19:36,2
TKT01684,B301,R03,S07,S20,04-09-2026,18:06,2
TKT01685,B101,R01,S08,S10,05-09-2026,14:39,1
TKT01686,B401,R04,S26,S07,06-09-2026,18:50,1
TKT01687,B103,R01,S05,S07,07-09-2026,08:47,1
TKT01688,B101,R01,S05,S09,08-09-2026,18:21,4
TKT01689,B102,R01,S06,S07,09-09-2026,16:45,1
TKT01690,B401,R04,S25,S01,10-09-2026,14:07,3
TKT01691,B203,R02,S13,S16,11-09-2026,17:57,3
TKT01692,B401,R04,S05,S03,12-09-2026,09:35,2
TKT01693,B202,R02,S16,S17,13-09-2026,10:03,2
TKT01694,B103,R01,S09,S10,14-09-2026,09:02,3
TKT01695,B101,R01,S07,S09,01-09-2026,18:58,2
TKT01696,B102,R01,S08,S09,02-09-2026,11:03,1
TKT01697,B102,R01,S08,S09,03-09-2026,13:41,1
TKT01698,B503,R05,S02,S07,04-09-2026,15:06,2
TKT01699,B103,R01,S03,S05,05-09-2026,17:17,3
TKT01700,B502,R05,S03,S20,06-09-2026,11:51,1
TKT01701,B301,R03,S07,S20,07-09-2026,08:34,2
TKT01702,B202,R02,S12,S16,08-09-2026,18:38,1
TKT01703,B301,R03,S15,S07,09-09-2026,18:10,3
TKT01704,B303,R03,S19,S07,10-09-2026,08:44,3
TKT01705,B202,R02,S17,S18,11-09-2026,11:13,2
TKT01706,B401,R04,S25,S03,12-09-2026,08:59,2
TKT01707,B201,R02,S16,S17,13-09-2026,07:36,1
TKT01708,B303,R03,S15,S20,14-09-2026,09:17,3
TKT01709,B101,R01,S03,S09,01-09-2026,09:22,1
TKT01710,B302,R03,S19,S06,02-09-2026,17:45,1
TKT01711,B102,R01,S07,S09,03-09-2026,13:28,1
TKT01712,B203,R02,S16,S17,04-09-2026,08:49,2
TKT01713,B301,R03,S22,S23,05-09-2026,07:42,2
TKT01714,B102,R01,S07,S09,06-09-2026,07:30,5
TKT01715,B103,R01,S09,S10,07-09-2026,07:22,3
TKT01716,B503,R05,S02,S07,08-09-2026,16:04,1
TKT01717,B503,R05,S02,S04,09-09-2026,16:11,3
TKT01718,B402,R04,S07,S05,10-09-2026,07:31,2
TKT01719,B501,R05,S07,S20,11-09-2026,08:43,3
TKT01720,B102,R01,S01,S03,12-09-2026,19:52,2
TKT01721,B103,R01,S06,S08,13-09-2026,17:02,2
TKT01722,B401,R04,S26,S07,14-09-2026,08:01,1
TKT01723,B301,R03,S16,S15,01-09-2026,07:10,2
TKT01724,B203,R02,S13,S02,02-09-2026,19:01,3
TKT01725,B102,R01,S08,S09,03-09-2026,17:54,2
TKT01726,B102,R01,S04,S08,04-09-2026,18:48,2
TKT01727,B301,R03,S16,S20,05-09-2026,17:01,1
TKT01728,B202,R02,S02,S14,06-09-2026,07:49,1
TKT01729,B403,R04,S05,S01,07-09-2026,09:25,2
TKT01730,B303,R03,S21,S23,08-09-2026,19:09,2
TKT01731,B301,R03,S22,S23,09-09-2026,19:49,2
TKT01732,B402,R04,S03,S01,10-09-2026,08:04,2
TKT01733,B203,R02,S16,S17,11-09-2026,06:16,1
TKT01734,B103,R01,S04,S07,12-09-2026,10:25,1
TKT01735,B103,R01,S03,S06,13-09-2026,11:15,2
TKT01736,B201,R02,S14,S15,14-09-2026,07:16,1
TKT01737,B203,R02,S17,S18,01-09-2026,13:02,1
TKT01738,B102,R01,S06,S10,02-09-2026,11:59,1
TKT01739,B302,R03,S15,S20,03-09-2026,11:20,1
TKT01740,B203,R02,S15,S18,04-09-2026,10:40,1
TKT01741,B103,R01,S09,S10,05-09-2026,19:40,2
TKT01742,B501,R05,S13,S07,06-09-2026,12:04,1
TKT01743,B303,R03,S22,S23,07-09-2026,18:02,4
TKT01744,B203,R02,S15,S16,08-09-2026,08:03,1
TKT01745,B302,R03,S16,S20,09-09-2026,19:22,1
TKT01746,B203,R02,S17,S18,10-09-2026,17:44,3
TKT01747,B101,R01,S09,S10,11-09-2026,19:09,3
TKT01748,B401,R04,S07,S05,12-09-2026,11:48,1
TKT01749,B502,R05,S03,S20,13-09-2026,17:17,1
TKT01750,B403,R04,S26,S05,14-09-2026,19:13,3
TKT01751,B101,R01,S01,S02,01-09-2026,17:17,2
TKT01752,B202,R02,S02,S16,02-09-2026,19:20,2
TKT01753,B201,R02,S16,S17,03-09-2026,08:53,1
TKT01754,B502,R05,S13,S03,04-09-2026,18:27,2
TKT01755,B103,R01,S05,S06,05-09-2026,08:32,2
TKT01756,B101,R01,S06,S07,06-09-2026,20:03,2
TKT01757,B101,R01,S09,S10,07-09-2026,16:03,1
TKT01758,B303,R03,S06,S21,08-09-2026,17:41,4
TKT01759,B203,R02,S16,S17,09-09-2026,17:02,2
TKT01760,B402,R04,S24,S25,10-09-2026,08:22,2
TKT01761,B202,R02,S02,S14,11-09-2026,19:11,1
TKT01762,B501,R05,S07,S20,12-09-2026,20:04,1
TKT01763,B303,R03,S15,S19,13-09-2026,08:11,3
TKT01764,B102,R01,S07,S10,14-09-2026,09:55,3
TKT01765,B201,R02,S11,S14,01-09-2026,16:15,5
TKT01766,B201,R02,S15,S17,02-09-2026,07:00,3
TKT01767,B101,R01,S02,S03,03-09-2026,17:10,2
TKT01768,B102,R01,S09,S10,04-09-2026,08:30,2
TKT01769,B503,R05,S30,S02,05-09-2026,07:26,1
TKT01770,B301,R03,S22,S23,06-09-2026,08:55,2
TKT01771,B301,R03,S07,S20,07-09-2026,17:21,1
TKT01772,B101,R01,S02,S03,08-09-2026,12:51,1
TKT01773,B103,R01,S07,S08,09-09-2026,18:36,1
TKT01774,B102,R01,S08,S10,10-09-2026,17:39,1
TKT01775,B501,R05,S02,S03,11-09-2026,19:55,2
TKT01776,B101,R01,S04,S06,12-09-2026,08:38,5
TKT01777,B203,R02,S16,S17,13-09-2026,16:58,1
TKT01778,B302,R03,S20,S22,14-09-2026,07:19,2
TKT01779,B201,R02,S11,S13,01-09-2026,09:02,2
TKT01780,B302,R03,S22,S23,02-09-2026,18:20,1
TKT01781,B303,R03,S21,S22,03-09-2026,08:41,3
TKT01782,B503,R05,S03,S04,04-09-2026,09:44,2
TKT01783,B202,R02,S15,S16,05-09-2026,07:01,2
TKT01784,B202,R02,S11,S16,06-09-2026,11:08,1
TKT01785,B502,R05,S04,S07,07-09-2026,07:46,2
TKT01786,B103,R01,S05,S09,08-09-2026,09:42,2
TKT01787,B401,R04,S07,S06,09-09-2026,14:34,1
TKT01788,B102,R01,S06,S10,10-09-2026,11:41,1
TKT01789,B401,R04,S06,S05,11-09-2026,15:54,1
TKT01790,B503,R05,S30,S02,12-09-2026,08:34,2
TKT01791,B403,R04,S07,S03,13-09-2026,09:16,1
TKT01792,B403,R04,S03,S01,14-09-2026,10:37,2
TKT01793,B202,R02,S13,S02,01-09-2026,19:08,3
TKT01794,B401,R04,S03,S01,02-09-2026,19:09,2
TKT01795,B201,R02,S16,S17,03-09-2026,07:24,2
TKT01796,B102,R01,S09,S10,04-09-2026,11:54,1
TKT01797,B301,R03,S19,S07,05-09-2026,18:38,3
TKT01798,B202,R02,S17,S18,06-09-2026,19:20,1
TKT01799,B103,R01,S02,S03,07-09-2026,18:50,1
TKT01800,B502,R05,S30,S04,08-09-2026,09:54,2
TKT01801,B102,R01,S04,S09,09-09-2026,07:46,3
TKT01802,B101,R01,S06,S08,10-09-2026,09:51,3
TKT01803,B202,R02,S16,S18,11-09-2026,08:18,1
TKT01804,B303,R03,S19,S07,12-09-2026,09:46,2
TKT01805,B402,R04,S24,S06,13-09-2026,18:29,1
TKT01806,B301,R03,S15,S06,14-09-2026,14:39,2
TKT01807,B202,R02,S13,S02,01-09-2026,19:17,1
TKT01808,B103,R01,S07,S09,02-09-2026,15:02,1
TKT01809,B202,R02,S15,S17,03-09-2026,19:56,1
TKT01810,B102,R01,S02,S05,04-09-2026,14:52,1
TKT01811,B302,R03,S22,S23,05-09-2026,16:42,1
TKT01812,B203,R02,S14,S15,06-09-2026,18:39,2
TKT01813,B202,R02,S02,S15,07-09-2026,08:12,2
TKT01814,B101,R01,S09,S10,08-09-2026,08:55,2
TKT01815,B102,R01,S04,S07,09-09-2026,09:04,3
TKT01816,B402,R04,S24,S28,10-09-2026,09:33,2
TKT01817,B401,R04,S25,S26,11-09-2026,07:30,4
TKT01818,B401,R04,S03,S28,12-09-2026,11:06,1
TKT01819,B502,R05,S04,S20,13-09-2026,18:53,2
TKT01820,B101,R01,S08,S09,14-09-2026,13:12,2
TKT01821,B102,R01,S06,S10,01-09-2026,12:27,1
TKT01822,B502,R05,S04,S07,02-09-2026,07:16,2
TKT01823,B203,R02,S16,S18,03-09-2026,08:16,3
TKT01824,B301,R03,S16,S19,04-09-2026,12:40,1
TKT01825,B503,R05,S29,S31,05-09-2026,08:08,2
TKT01826,B403,R04,S28,S01,06-09-2026,07:57,1
TKT01827,B501,R05,S31,S04,07-09-2026,15:00,3
TKT01828,B102,R01,S01,S10,08-09-2026,10:56,1
TKT01829,B102,R01,S03,S05,09-09-2026,18:26,2
TKT01830,B201,R02,S14,S17,10-09-2026,09:31,1
TKT01831,B303,R03,S22,S23,11-09-2026,14:35,3
TKT01832,B203,R02,S13,S15,12-09-2026,09:59,4
TKT01833,B101,R01,S04,S10,13-09-2026,09:04,1
TKT01834,B401,R04,S07,S06,14-09-2026,07:39,3
TKT01835,B203,R02,S16,S18,01-09-2026,18:58,1
TKT01836,B201,R02,S17,S18,02-09-2026,09:16,3
TKT01837,B402,R04,S07,S28,03-09-2026,09:50,2
TKT01838,B203,R02,S17,S18,04-09-2026,17:58,2
TKT01839,B103,R01,S06,S08,05-09-2026,17:20,3
TKT01840,B502,R05,S02,S03,06-09-2026,08:42,4
TKT01841,B101,R01,S08,S09,07-09-2026,17:50,2
TKT01842,B201,R02,S11,S12,08-09-2026,17:10,2
TKT01843,B301,R03,S22,S23,09-09-2026,16:36,1
TKT01844,B103,R01,S09,S10,10-09-2026,15:32,2
TKT01845,B302,R03,S21,S22,11-09-2026,19:41,3
TKT01846,B301,R03,S06,S22,12-09-2026,07:23,3
TKT01847,B102,R01,S02,S08,13-09-2026,10:46,1
TKT01848,B101,R01,S01,S04,14-09-2026,07:19,2
TKT01849,B101,R01,S02,S03,01-09-2026,09:09,3
TKT01850,B303,R03,S06,S21,02-09-2026,18:15,1
TKT01851,B401,R04,S06,S05,03-09-2026,17:56,2
TKT01852,B303,R03,S07,S22,04-09-2026,17:58,2
TKT01853,B402,R04,S06,S03,05-09-2026,09:26,2
TKT01854,B103,R01,S08,S09,06-09-2026,09:27,1
TKT01855,B103,R01,S09,S10,07-09-2026,09:54,2
TKT01856,B501,R05,S03,S04,08-09-2026,07:11,2
TKT01857,B102,R01,S07,S10,09-09-2026,19:57,1
TKT01858,B202,R02,S13,S14,10-09-2026,07:09,2
TKT01859,B203,R02,S02,S16,11-09-2026,07:39,3
TKT01860,B203,R02,S13,S16,12-09-2026,09:55,1
TKT01861,B103,R01,S06,S08,13-09-2026,09:06,2
TKT01862,B501,R05,S02,S20,14-09-2026,17:02,3
TKT01863,B301,R03,S19,S07,01-09-2026,07:26,1
TKT01864,B401,R04,S03,S01,02-09-2026,09:48,1
TKT01865,B101,R01,S03,S06,03-09-2026,17:25,3
TKT01866,B101,R01,S07,S10,04-09-2026,15:48,1
TKT01867,B103,R01,S02,S03,05-09-2026,11:28,3
TKT01868,B102,R01,S08,S10,06-09-2026,13:16,1
TKT01869,B102,R01,S05,S06,07-09-2026,18:09,2
TKT01870,B203,R02,S17,S18,08-09-2026,08:37,3
TKT01871,B401,R04,S28,S01,09-09-2026,11:44,1
TKT01872,B201,R02,S02,S18,10-09-2026,17:58,2
TKT01873,B203,R02,S13,S18,11-09-2026,16:43,1
TKT01874,B301,R03,S20,S23,12-09-2026,09:33,2
TKT01875,B102,R01,S07,S10,13-09-2026,09:24,4
TKT01876,B201,R02,S16,S18,14-09-2026,09:31,1
TKT01877,B103,R01,S08,S09,01-09-2026,19:03,2
TKT01878,B301,R03,S20,S23,02-09-2026,17:03,5
TKT01879,B502,R05,S07,S20,03-09-2026,17:30,3
TKT01880,B502,R05,S03,S07,04-09-2026,19:03,1
TKT01881,B102,R01,S01,S09,05-09-2026,18:19,2
TKT01882,B101,R01,S07,S08,06-09-2026,07:30,1
TKT01883,B103,R01,S03,S08,07-09-2026,19:40,3
TKT01884,B301,R03,S16,S15,08-09-2026,19:10,1
TKT01885,B201,R02,S12,S13,09-09-2026,08:25,2
TKT01886,B202,R02,S15,S16,10-09-2026,17:20,4
TKT01887,B401,R04,S28,S01,11-09-2026,09:14,3
TKT01888,B103,R01,S09,S10,12-09-2026,09:16,2
TKT01889,B403,R04,S26,S28,13-09-2026,18:09,1
TKT01890,B303,R03,S16,S20,14-09-2026,09:31,3
TKT01891,B402,R04,S28,S01,01-09-2026,19:54,4
TKT01892,B101,R01,S08,S09,02-09-2026,19:16,1
TKT01893,B303,R03,S07,S22,03-09-2026,15:38,1
TKT01894,B501,R05,S13,S03,04-09-2026,19:20,2
TKT01895,B203,R02,S02,S16,05-09-2026,18:16,2
TKT01896,B201,R02,S15,S17,06-09-2026,07:46,3
TKT01897,B203,R02,S14,S15,07-09-2026,20:37,2
TKT01898,B502,R05,S02,S04,08-09-2026,19:43,2
TKT01899,B403,R04,S26,S06,09-09-2026,18:27,1
TKT01900,B102,R01,S09,S10,10-09-2026,12:28,1
TKT01901,B103,R01,S06,S07,11-09-2026,14:58,2
TKT01902,B401,R04,S07,S03,12-09-2026,07:15,1
TKT01903,B503,R05,S03,S07,13-09-2026,09:07,2
TKT01904,B101,R01,S04,S08,14-09-2026,09:21,2
TKT01905,B101,R01,S06,S07,01-09-2026,15:43,1
TKT01906,B101,R01,S07,S09,02-09-2026,12:58,2
TKT01907,B302,R03,S19,S07,03-09-2026,19:56,1
TKT01908,B201,R02,S16,S17,04-09-2026,18:49,3
TKT01909,B101,R01,S01,S05,05-09-2026,17:40,2
TKT01910,B101,R01,S01,S08,06-09-2026,17:26,2
TKT01911,B302,R03,S16,S19,07-09-2026,15:21,3
TKT01912,B403,R04,S07,S05,08-09-2026,14:28,1
TKT01913,B403,R04,S28,S01,09-09-2026,19:56,3
TKT01914,B103,R01,S02,S05,10-09-2026,17:44,3
TKT01915,B503,R05,S13,S03,11-09-2026,08:12,4
TKT01916,B101,R01,S07,S09,12-09-2026,17:35,2
TKT01917,B202,R02,S16,S18,13-09-2026,07:51,2
TKT01918,B102,R01,S04,S07,14-09-2026,07:02,3
TKT01919,B403,R04,S06,S01,01-09-2026,18:32,3
TKT01920,B101,R01,S07,S08,02-09-2026,14:00,1
TKT01921,B402,R04,S03,S28,03-09-2026,16:34,3
TKT01922,B401,R04,S03,S28,04-09-2026,10:48,1
TKT01923,B403,R04,S03,S01,05-09-2026,07:39,2
TKT01924,B201,R02,S12,S15,06-09-2026,07:47,2
TKT01925,B102,R01,S05,S07,07-09-2026,09:59,4
TKT01926,B101,R01,S05,S06,08-09-2026,09:20,2
TKT01927,B501,R05,S04,S07,09-09-2026,16:33,3
TKT01928,B102,R01,S06,S07,10-09-2026,07:31,2
TKT01929,B101,R01,S06,S07,11-09-2026,19:29,2
TKT01930,B503,R05,S04,S20,12-09-2026,18:13,1
TKT01931,B201,R02,S17,S18,13-09-2026,15:27,1
TKT01932,B103,R01,S09,S10,14-09-2026,09:21,2
TKT01933,B301,R03,S20,S22,01-09-2026,14:21,3
TKT01934,B301,R03,S20,S22,02-09-2026,19:53,2
TKT01935,B401,R04,S25,S07,03-09-2026,13:17,3
TKT01936,B103,R01,S01,S07,04-09-2026,19:33,1
TKT01937,B102,R01,S02,S05,05-09-2026,18:53,4
TKT01938,B302,R03,S16,S20,06-09-2026,07:36,2
TKT01939,B502,R05,S03,S20,07-09-2026,07:29,5
TKT01940,B302,R03,S07,S22,08-09-2026,12:25,1
TKT01941,B501,R05,S02,S04,09-09-2026,09:15,2
TKT01942,B203,R02,S16,S18,10-09-2026,17:22,1
TKT01943,B303,R03,S19,S23,11-09-2026,07:39,1
TKT01944,B103,R01,S03,S09,12-09-2026,11:55,1
TKT01945,B101,R01,S02,S06,13-09-2026,20:54,1
TKT01946,B303,R03,S22,S23,14-09-2026,17:58,1
TKT01947,B202,R02,S16,S17,01-09-2026,17:48,2
TKT01948,B301,R03,S19,S21,02-09-2026,07:20,2
TKT01949,B301,R03,S20,S22,03-09-2026,07:33,4
TKT01950,B503,R05,S31,S02,04-09-2026,08:27,2
TKT01951,B203,R02,S16,S17,05-09-2026,07:57,2
TKT01952,B301,R03,S21,S23,06-09-2026,17:12,1
TKT01953,B102,R01,S08,S09,07-09-2026,15:18,1
TKT01954,B402,R04,S05,S28,08-09-2026,10:03,1
TKT01955,B402,R04,S03,S28,09-09-2026,19:56,3
TKT01956,B301,R03,S20,S22,10-09-2026,16:46,1
TKT01957,B502,R05,S31,S02,11-09-2026,12:31,2
TKT01958,B403,R04,S26,S07,12-09-2026,15:17,2
TKT01959,B102,R01,S08,S10,13-09-2026,17:59,3
TKT01960,B202,R02,S14,S16,14-09-2026,18:23,3
TKT01961,B402,R04,S28,S01,01-09-2026,08:37,2
TKT01962,B103,R01,S05,S10,02-09-2026,07:57,1
TKT01963,B303,R03,S06,S23,03-09-2026,09:32,4
TKT01964,B103,R01,S07,S08,04-09-2026,19:47,1
TKT01965,B303,R03,S19,S20,05-09-2026,18:31,2
TKT01966,B101,R01,S05,S09,06-09-2026,17:35,1
TKT01967,B201,R02,S14,S16,07-09-2026,13:28,1
TKT01968,B501,R05,S07,S20,08-09-2026,16:54,1
TKT01969,B401,R04,S26,S28,09-09-2026,12:50,1
TKT01970,B202,R02,S14,S17,10-09-2026,07:43,1
TKT01971,B103,R01,S02,S06,11-09-2026,17:52,2
TKT01972,B302,R03,S20,S21,12-09-2026,18:25,2
TKT01973,B503,R05,S04,S07,13-09-2026,17:02,3
TKT01974,B303,R03,S21,S23,14-09-2026,08:28,3
TKT01975,B102,R01,S02,S03,01-09-2026,17:47,4
TKT01976,B101,R01,S08,S09,02-09-2026,19:38,3
TKT01977,B203,R02,S16,S17,03-09-2026,07:39,3
TKT01978,B101,R01,S03,S05,04-09-2026,13:46,2
TKT01979,B101,R01,S06,S08,05-09-2026,10:17,1
TKT01980,B101,R01,S01,S03,06-09-2026,09:29,4
TKT01981,B203,R02,S12,S13,07-09-2026,19:14,3
TKT01982,B303,R03,S22,S23,08-09-2026,17:36,3
TKT01983,B301,R03,S22,S23,09-09-2026,19:55,3
TKT01984,B302,R03,S19,S22,10-09-2026,15:28,1
TKT01985,B103,R01,S01,S10,11-09-2026,08:51,2
TKT01986,B202,R02,S15,S16,12-09-2026,11:56,2
TKT01987,B401,R04,S05,S01,13-09-2026,10:04,1
TKT01988,B501,R05,S31,S03,14-09-2026,08:24,2
TKT01989,B501,R05,S07,S20,01-09-2026,08:12,3
TKT01990,B403,R04,S28,S01,02-09-2026,19:53,2
TKT01991,B202,R02,S12,S15,03-09-2026,07:58,1
TKT01992,B301,R03,S22,S23,04-09-2026,18:52,3
TKT01993,B302,R03,S16,S06,05-09-2026,18:17,2
TKT01994,B301,R03,S20,S22,06-09-2026,19:48,2
TKT01995,B301,R03,S07,S20,07-09-2026,07:35,2
TKT01996,B502,R05,S02,S03,08-09-2026,19:45,2
TKT01997,B501,R05,S07,S20,09-09-2026,17:46,2
TKT01998,B203,R02,S15,S18,10-09-2026,14:40,3
TKT01999,B502,R05,S29,S20,11-09-2026,09:26,1
TKT02000,B303,R03,S19,S20,12-09-2026,19:31,3
TKT02001,B202,R02,S12,S18,13-09-2026,09:19,3
TKT02002,B403,R04,S26,S01,14-09-2026,09:39,2
TKT02003,B502,R05,S13,S04,01-09-2026,08:00,1
TKT02004,B201,R02,S02,S16,02-09-2026,21:58,2
TKT02005,B203,R02,S16,S18,03-09-2026,09:52,2
TKT02006,B302,R03,S19,S06,04-09-2026,21:55,1
TKT02007,B303,R03,S16,S19,05-09-2026,19:24,1
TKT02008,B201,R02,S15,S18,06-09-2026,08:33,2
TKT02009,B401,R04,S28,S01,07-09-2026,14:21,1
TKT02010,B101,R01,S07,S09,08-09-2026,10:31,1
TKT02011,B502,R05,S07,S20,09-09-2026,12:12,1
TKT02012,B101,R01,S02,S04,10-09-2026,12:39,1
TKT02013,B401,R04,S06,S03,11-09-2026,17:22,1
TKT02014,B401,R04,S24,S05,12-09-2026,09:50,2
TKT02015,B102,R01,S03,S06,13-09-2026,08:37,3
TKT02016,B102,R01,S09,S10,14-09-2026,11:08,2
TKT02017,B402,R04,S05,S01,01-09-2026,18:55,1
TKT02018,B301,R03,S07,S23,02-09-2026,08:49,2
TKT02019,B503,R05,S31,S02,03-09-2026,08:45,3
TKT02020,B301,R03,S07,S22,04-09-2026,17:46,1
TKT02021,B201,R02,S11,S02,05-09-2026,13:11,2
TKT02022,B201,R02,S16,S17,06-09-2026,18:43,3
TKT02023,B403,R04,S07,S05,07-09-2026,10:34,2
TKT02024,B101,R01,S07,S10,08-09-2026,17:09,3
TKT02025,B302,R03,S16,S22,09-09-2026,08:24,3
TKT02026,B201,R02,S17,S18,10-09-2026,07:50,2
TKT02027,B103,R01,S07,S09,11-09-2026,18:55,3
TKT02028,B201,R02,S16,S17,12-09-2026,07:17,2
TKT02029,B503,R05,S03,S07,13-09-2026,19:16,2
TKT02030,B403,R04,S24,S25,14-09-2026,08:37,2
TKT02031,B402,R04,S06,S28,01-09-2026,14:05,1
TKT02032,B502,R05,S11,S02,02-09-2026,20:27,1
TKT02033,B202,R02,S16,S17,03-09-2026,08:55,2
TKT02034,B101,R01,S04,S06,04-09-2026,18:36,1
TKT02035,B201,R02,S11,S16,05-09-2026,09:30,3
TKT02036,B403,R04,S05,S28,06-09-2026,08:48,2
TKT02037,B102,R01,S01,S02,07-09-2026,09:21,3
TKT02038,B202,R02,S17,S18,08-09-2026,07:48,4
TKT02039,B101,R01,S01,S02,09-09-2026,19:53,2
TKT02040,B303,R03,S21,S23,10-09-2026,07:28,4
TKT02041,B202,R02,S15,S16,11-09-2026,19:14,3
TKT02042,B303,R03,S06,S22,12-09-2026,18:33,2
TKT02043,B101,R01,S06,S08,13-09-2026,18:54,3
TKT02044,B101,R01,S07,S08,14-09-2026,19:39,2
TKT02045,B102,R01,S06,S07,01-09-2026,09:40,3
TKT02046,B201,R02,S13,S02,02-09-2026,08:16,3
TKT02047,B101,R01,S02,S10,03-09-2026,07:01,3
TKT02048,B503,R05,S04,S07,04-09-2026,07:22,2
TKT02049,B403,R04,S06,S05,05-09-2026,18:07,2
TKT02050,B103,R01,S08,S09,06-09-2026,09:26,3
TKT02051,B101,R01,S09,S10,07-09-2026,09:15,2
TKT02052,B103,R01,S05,S09,08-09-2026,10:39,1
TKT02053,B401,R04,S06,S01,09-09-2026,20:47,1
TKT02054,B102,R01,S03,S05,10-09-2026,17:55,2
TKT02055,B203,R02,S11,S13,11-09-2026,15:45,2
TKT02056,B302,R03,S15,S06,12-09-2026,16:17,2
TKT02057,B102,R01,S01,S06,13-09-2026,14:25,2
TKT02058,B302,R03,S15,S22,14-09-2026,09:11,3
TKT02059,B201,R02,S13,S14,01-09-2026,08:08,3
TKT02060,B203,R02,S15,S16,02-09-2026,15:24,2
TKT02061,B501,R05,S03,S07,03-09-2026,12:54,1
TKT02062,B101,R01,S05,S07,04-09-2026,19:23,1
TKT02063,B401,R04,S06,S05,05-09-2026,07:57,1
TKT02064,B102,R01,S01,S04,06-09-2026,07:10,5
TKT02065,B201,R02,S16,S18,07-09-2026,16:02,2
TKT02066,B502,R05,S11,S20,08-09-2026,16:30,3
TKT02067,B303,R03,S16,S15,09-09-2026,08:55,2
TKT02068,B503,R05,S03,S04,10-09-2026,16:12,1
TKT02069,B101,R01,S03,S05,11-09-2026,17:40,3
TKT02070,B201,R02,S17,S18,12-09-2026,19:33,4
TKT02071,B203,R02,S12,S13,13-09-2026,13:32,5
TKT02072,B302,R03,S07,S21,14-09-2026,13:22,2
TKT02073,B101,R01,S07,S09,01-09-2026,19:48,2
TKT02074,B401,R04,S05,S01,02-09-2026,19:42,1
TKT02075,B301,R03,S20,S21,03-09-2026,15:00,1
TKT02076,B202,R02,S02,S14,04-09-2026,17:14,1
TKT02077,B303,R03,S07,S21,05-09-2026,18:28,3
TKT02078,B401,R04,S25,S28,06-09-2026,13:48,2
TKT02079,B101,R01,S04,S05,07-09-2026,09:17,1
TKT02080,B501,R05,S07,S20,08-09-2026,17:58,3
TKT02081,B501,R05,S30,S20,09-09-2026,17:56,3
TKT02082,B301,R03,S07,S20,10-09-2026,17:34,3
TKT02083,B203,R02,S11,S02,11-09-2026,20:38,2
TKT02084,B501,R05,S31,S20,12-09-2026,21:10,1
TKT02085,B201,R02,S12,S13,13-09-2026,09:43,2
TKT02086,B203,R02,S15,S16,14-09-2026,08:43,5
TKT02087,B501,R05,S13,S04,01-09-2026,07:29,2
TKT02088,B302,R03,S07,S20,02-09-2026,18:15,2
TKT02089,B403,R04,S03,S01,03-09-2026,19:08,3
TKT02090,B303,R03,S22,S23,04-09-2026,09:57,1
TKT02091,B302,R03,S21,S22,05-09-2026,19:33,1
TKT02092,B103,R01,S07,S08,06-09-2026,08:13,2
TKT02093,B302,R03,S22,S23,07-09-2026,12:10,2
TKT02094,B502,R05,S30,S07,08-09-2026,10:47,1
TKT02095,B201,R02,S17,S18,09-09-2026,07:40,3
TKT02096,B502,R05,S31,S04,10-09-2026,12:35,1
TKT02097,B103,R01,S08,S09,11-09-2026,14:45,2
TKT02098,B301,R03,S07,S20,12-09-2026,16:37,2
TKT02099,B102,R01,S06,S07,13-09-2026,07:44,1
TKT02100,B202,R02,S14,S16,14-09-2026,19:09,2
TKT02101,B101,R01,S06,S08,01-09-2026,08:56,1
TKT02102,B202,R02,S16,S17,02-09-2026,18:45,1
TKT02103,B402,R04,S26,S07,03-09-2026,21:53,1
TKT02104,B103,R01,S01,S02,04-09-2026,14:47,2
TKT02105,B303,R03,S07,S22,05-09-2026,16:29,4
TKT02106,B402,R04,S07,S03,06-09-2026,19:38,3
TKT02107,B201,R02,S17,S18,07-09-2026,17:59,3
TKT02108,B303,R03,S16,S19,08-09-2026,13:24,1
TKT02109,B103,R01,S02,S05,09-09-2026,17:27,1
TKT02110,B503,R05,S03,S04,10-09-2026,09:19,2
TKT02111,B102,R01,S03,S04,11-09-2026,17:54,4
TKT02112,B103,R01,S03,S05,12-09-2026,07:10,1
TKT02113,B302,R03,S20,S21,13-09-2026,19:41,1
TKT02114,B202,R02,S16,S17,14-09-2026,18:32,4
TKT02115,B101,R01,S08,S09,01-09-2026,17:56,2
TKT02116,B301,R03,S15,S07,02-09-2026,19:58,2
TKT02117,B503,R05,S04,S20,03-09-2026,16:32,1
TKT02118,B401,R04,S03,S28,04-09-2026,09:18,2
TKT02119,B403,R04,S03,S28,05-09-2026,16:06,1
TKT02120,B102,R01,S05,S08,06-09-2026,19:38,5
TKT02121,B101,R01,S01,S07,07-09-2026,09:39,2
TKT02122,B303,R03,S07,S23,08-09-2026,07:43,1
TKT02123,B502,R05,S11,S07,09-09-2026,17:30,2
TKT02124,B503,R05,S02,S03,10-09-2026,12:05,1
TKT02125,B403,R04,S26,S05,11-09-2026,08:43,2
TKT02126,B502,R05,S11,S31,12-09-2026,16:03,1
TKT02127,B401,R04,S03,S01,13-09-2026,15:39,3
TKT02128,B501,R05,S03,S04,14-09-2026,17:33,1
TKT02129,B502,R05,S07,S20,01-09-2026,18:55,2
TKT02130,B303,R03,S22,S23,02-09-2026,10:38,1
TKT02131,B203,R02,S13,S17,03-09-2026,19:36,5
TKT02132,B303,R03,S20,S22,04-09-2026,18:52,4
TKT02133,B101,R01,S07,S08,05-09-2026,20:58,1
TKT02134,B102,R01,S07,S08,06-09-2026,14:40,1
TKT02135,B402,R04,S06,S05,07-09-2026,15:20,1
TKT02136,B102,R01,S07,S09,08-09-2026,07:10,3
TKT02137,B503,R05,S13,S02,09-09-2026,08:55,2
TKT02138,B202,R02,S16,S17,10-09-2026,18:06,3
TKT02139,B102,R01,S04,S05,11-09-2026,07:40,2
TKT02140,B202,R02,S15,S16,12-09-2026,09:45,2
TKT02141,B103,R01,S08,S09,13-09-2026,18:58,2
TKT02142,B401,R04,S24,S26,14-09-2026,08:05,3
TKT02143,B402,R04,S07,S03,01-09-2026,10:30,1
TKT02144,B101,R01,S05,S10,02-09-2026,12:48,2
TKT02145,B402,R04,S05,S01,03-09-2026,09:46,3
TKT02146,B103,R01,S01,S02,04-09-2026,18:25,3
TKT02147,B201,R02,S02,S14,05-09-2026,07:23,3
TKT02148,B103,R01,S08,S10,06-09-2026,10:23,1
TKT02149,B502,R05,S11,S13,07-09-2026,11:07,1
TKT02150,B103,R01,S01,S08,08-09-2026,19:04,2
TKT02151,B103,R01,S02,S05,09-09-2026,18:57,1
TKT02152,B102,R01,S05,S07,10-09-2026,18:56,3
TKT02153,B101,R01,S01,S06,11-09-2026,11:32,2
TKT02154,B201,R02,S02,S17,12-09-2026,08:14,2
TKT02155,B103,R01,S01,S04,13-09-2026,07:52,5
TKT02156,B303,R03,S15,S19,14-09-2026,06:12,1
TKT02157,B202,R02,S15,S18,01-09-2026,08:58,1
TKT02158,B203,R02,S13,S15,02-09-2026,17:18,3
TKT02159,B201,R02,S15,S17,03-09-2026,14:37,1
TKT02160,B203,R02,S11,S15,04-09-2026,15:28,2
TKT02161,B303,R03,S22,S23,05-09-2026,19:14,2
TKT02162,B402,R04,S26,S07,06-09-2026,19:23,5
TKT02163,B302,R03,S16,S15,07-09-2026,19:50,2
TKT02164,B202,R02,S15,S16,08-09-2026,10:35,1
TKT02165,B102,R01,S01,S03,09-09-2026,17:32,1
TKT02166,B202,R02,S02,S16,10-09-2026,08:26,1
TKT02167,B303,R03,S15,S06,11-09-2026,07:54,3
TKT02168,B501,R05,S03,S07,12-09-2026,15:04,3
TKT02169,B202,R02,S13,S16,13-09-2026,17:01,1
TKT02170,B103,R01,S05,S06,14-09-2026,08:57,2
TKT02171,B302,R03,S15,S19,01-09-2026,12:14,1
TKT02172,B102,R01,S02,S06,02-09-2026,09:51,2
TKT02173,B302,R03,S06,S21,03-09-2026,18:46,1
TKT02174,B101,R01,S09,S10,04-09-2026,19:05,2
TKT02175,B502,R05,S13,S02,05-09-2026,09:55,1
TKT02176,B101,R01,S05,S06,06-09-2026,19:05,1
TKT02177,B401,R04,S03,S01,07-09-2026,09:03,3
TKT02178,B102,R01,S05,S08,08-09-2026,07:47,3
TKT02179,B101,R01,S04,S05,09-09-2026,09:00,2
TKT02180,B503,R05,S31,S07,10-09-2026,17:35,1
TKT02181,B101,R01,S08,S10,11-09-2026,18:03,3
TKT02182,B301,R03,S21,S22,12-09-2026,09:47,2
TKT02183,B202,R02,S02,S17,13-09-2026,17:56,1
TKT02184,B102,R01,S05,S08,14-09-2026,16:21,1
TKT02185,B103,R01,S03,S05,01-09-2026,09:01,3
TKT02186,B103,R01,S02,S10,02-09-2026,09:42,4
TKT02187,B303,R03,S07,S20,03-09-2026,19:31,2
TKT02188,B403,R04,S28,S01,04-09-2026,19:54,1
TKT02189,B101,R01,S08,S09,05-09-2026,16:49,1
TKT02190,B201,R02,S16,S18,06-09-2026,09:23,3
TKT02191,B201,R02,S16,S17,07-09-2026,18:05,2
TKT02192,B302,R03,S07,S21,08-09-2026,07:39,2
TKT02193,B103,R01,S03,S05,09-09-2026,08:09,3
TKT02194,B101,R01,S04,S07,10-09-2026,11:13,2
TKT02195,B503,R05,S13,S07,11-09-2026,15:22,1
TKT02196,B102,R01,S03,S09,12-09-2026,07:36,1
TKT02197,B203,R02,S12,S14,13-09-2026,11:16,2
TKT02198,B201,R02,S02,S16,14-09-2026,17:19,2
TKT02199,B103,R01,S08,S10,01-09-2026,14:27,2
TKT02200,B101,R01,S03,S05,02-09-2026,09:33,2
TKT02201,B202,R02,S14,S15,03-09-2026,14:12,1
TKT02202,B102,R01,S04,S09,04-09-2026,12:31,1
TKT02203,B502,R05,S04,S20,05-09-2026,20:12,1
TKT02204,B402,R04,S24,S03,06-09-2026,08:58,1
TKT02205,B303,R03,S06,S21,07-09-2026,07:56,2
TKT02206,B103,R01,S03,S05,08-09-2026,12:41,1
TKT02207,B503,R05,S29,S13,09-09-2026,10:33,1
TKT02208,B203,R02,S02,S15,10-09-2026,10:53,1
TKT02209,B203,R02,S13,S02,11-09-2026,13:21,1
TKT02210,B201,R02,S17,S18,12-09-2026,18:19,3
TKT02211,B302,R03,S07,S22,13-09-2026,19:51,1
TKT02212,B101,R01,S04,S07,14-09-2026,19:02,2
TKT02213,B403,R04,S24,S03,01-09-2026,16:55,1
TKT02214,B301,R03,S16,S19,02-09-2026,06:58,2
TKT02215,B301,R03,S06,S21,03-09-2026,18:02,2
TKT02216,B203,R02,S14,S18,04-09-2026,19:09,4
TKT02217,B302,R03,S16,S15,05-09-2026,08:13,3
TKT02218,B401,R04,S07,S01,06-09-2026,07:29,1
TKT02219,B501,R05,S02,S04,07-09-2026,20:56,1
TKT02220,B503,R05,S07,S20,08-09-2026,12:37,1
TKT02221,B201,R02,S17,S18,09-09-2026,13:09,1
TKT02222,B101,R01,S01,S09,10-09-2026,17:04,3
TKT02223,B301,R03,S06,S20,11-09-2026,21:36,2
TKT02224,B402,R04,S06,S03,12-09-2026,16:03,1
TKT02225,B302,R03,S21,S22,13-09-2026,14:05,2
TKT02226,B301,R03,S22,S23,14-09-2026,17:46,1
TKT02227,B501,R05,S13,S03,01-09-2026,09:17,4
TKT02228,B103,R01,S06,S07,02-09-2026,08:19,1
TKT02229,B402,R04,S25,S26,03-09-2026,09:20,3
TKT02230,B103,R01,S04,S08,04-09-2026,18:40,1
TKT02231,B101,R01,S03,S04,05-09-2026,10:44,1
TKT02232,B302,R03,S07,S23,06-09-2026,12:15,1
TKT02233,B301,R03,S16,S20,07-09-2026,18:09,2
TKT02234,B101,R01,S08,S09,08-09-2026,08:22,1
TKT02235,B101,R01,S05,S07,09-09-2026,18:28,3
TKT02236,B401,R04,S26,S03,10-09-2026,17:43,4
TKT02237,B401,R04,S06,S03,11-09-2026,08:49,4
TKT02238,B301,R03,S21,S23,12-09-2026,17:29,2
TKT02239,B401,R04,S05,S03,13-09-2026,18:13,3
TKT02240,B103,R01,S09,S10,14-09-2026,15:30,1
TKT02241,B502,R05,S07,S20,01-09-2026,19:43,1
TKT02242,B303,R03,S19,S06,02-09-2026,08:20,2
TKT02243,B103,R01,S07,S09,03-09-2026,06:56,3
TKT02244,B402,R04,S05,S03,04-09-2026,07:37,2
TKT02245,B402,R04,S07,S03,05-09-2026,19:15,1
TKT02246,B503,R05,S03,S07,06-09-2026,18:27,2
TKT02247,B403,R04,S06,S05,07-09-2026,07:22,2
TKT02248,B203,R02,S16,S18,08-09-2026,17:10,1
TKT02249,B501,R05,S03,S20,09-09-2026,17:03,4
TKT02250,B102,R01,S02,S04,10-09-2026,17:06,1
TKT02251,B103,R01,S01,S04,11-09-2026,09:49,3
TKT02252,B202,R02,S11,S13,12-09-2026,19:59,1
TKT02253,B103,R01,S08,S09,13-09-2026,17:07,2
TKT02254,B301,R03,S22,S23,14-09-2026,19:31,1
TKT02255,B401,R04,S06,S01,01-09-2026,07:30,2
TKT02256,B301,R03,S16,S20,02-09-2026,19:42,2
TKT02257,B101,R01,S01,S05,03-09-2026,07:45,2
TKT02258,B403,R04,S25,S03,04-09-2026,17:04,2
TKT02259,B403,R04,S26,S03,05-09-2026,17:24,1
TKT02260,B103,R01,S07,S09,06-09-2026,18:28,3
TKT02261,B201,R02,S17,S18,07-09-2026,08:46,1
TKT02262,B201,R02,S11,S12,08-09-2026,18:01,4
TKT02263,B502,R05,S31,S03,09-09-2026,19:51,3
TKT02264,B303,R03,S16,S20,10-09-2026,18:47,2
TKT02265,B102,R01,S06,S09,11-09-2026,08:49,3
TKT02266,B402,R04,S25,S07,12-09-2026,17:36,1
TKT02267,B101,R01,S06,S08,13-09-2026,16:57,3
TKT02268,B203,R02,S15,S17,14-09-2026,09:04,2
TKT02269,B202,R02,S16,S17,01-09-2026,15:57,1
TKT02270,B303,R03,S16,S20,02-09-2026,17:09,2
TKT02271,B203,R02,S15,S17,03-09-2026,07:38,3
TKT02272,B201,R02,S16,S17,04-09-2026,14:27,2
TKT02273,B501,R05,S04,S07,05-09-2026,17:33,2
TKT02274,B302,R03,S19,S07,06-09-2026,09:18,1
TKT02275,B101,R01,S02,S06,07-09-2026,08:11,3
TKT02276,B101,R01,S02,S07,08-09-2026,18:20,1
TKT02277,B203,R02,S16,S17,09-09-2026,07:01,1
TKT02278,B302,R03,S21,S23,10-09-2026,08:28,3
TKT02279,B502,R05,S30,S31,11-09-2026,18:52,2
TKT02280,B101,R01,S06,S09,12-09-2026,17:12,1
TKT02281,B503,R05,S13,S02,13-09-2026,07:37,3
TKT02282,B402,R04,S07,S03,14-09-2026,17:01,1
TKT02283,B401,R04,S03,S01,01-09-2026,18:24,2
TKT02284,B501,R05,S07,S20,02-09-2026,17:06,2
TKT02285,B102,R01,S02,S05,03-09-2026,20:34,1
TKT02286,B303,R03,S15,S23,04-09-2026,16:56,1
TKT02287,B402,R04,S06,S05,05-09-2026,16:23,1
TKT02288,B501,R05,S13,S03,06-09-2026,19:57,2
TKT02289,B501,R05,S07,S20,07-09-2026,08:04,2
TKT02290,B101,R01,S05,S07,08-09-2026,08:33,2
TKT02291,B202,R02,S14,S17,09-09-2026,19:57,4
TKT02292,B202,R02,S14,S15,10-09-2026,14:26,2
TKT02293,B202,R02,S12,S13,11-09-2026,07:00,3
TKT02294,B101,R01,S03,S04,12-09-2026,14:20,3
TKT02295,B501,R05,S07,S20,13-09-2026,17:50,3
TKT02296,B503,R05,S30,S31,14-09-2026,08:45,4
TKT02297,B502,R05,S07,S20,01-09-2026,14:30,2
TKT02298,B303,R03,S22,S23,02-09-2026,07:15,2
TKT02299,B203,R02,S15,S16,03-09-2026,15:16,2
TKT02300,B103,R01,S05,S07,04-09-2026,08:26,3
TKT02301,B102,R01,S04,S05,05-09-2026,08:16,4
TKT02302,B201,R02,S02,S14,06-09-2026,09:25,1
TKT02303,B101,R01,S04,S08,07-09-2026,18:17,1
TKT02304,B301,R03,S22,S23,08-09-2026,17:02,2
TKT02305,B203,R02,S02,S17,09-09-2026,11:14,1
TKT02306,B203,R02,S17,S18,10-09-2026,09:23,2
TKT02307,B503,R05,S07,S20,11-09-2026,07:38,2
TKT02308,B101,R01,S05,S09,12-09-2026,12:11,5
TKT02309,B301,R03,S16,S21,13-09-2026,19:27,1
TKT02310,B101,R01,S07,S08,14-09-2026,19:07,1
TKT02311,B402,R04,S05,S03,01-09-2026,19:42,2
TKT02312,B302,R03,S07,S21,02-09-2026,17:09,2
TKT02313,B103,R01,S01,S09,03-09-2026,09:54,3
TKT02314,B303,R03,S06,S23,04-09-2026,10:56,1
TKT02315,B401,R04,S03,S28,05-09-2026,09:48,1
TKT02316,B203,R02,S17,S18,06-09-2026,14:45,1
TKT02317,B202,R02,S17,S18,07-09-2026,07:56,3
TKT02318,B202,R02,S11,S13,08-09-2026,17:12,1
TKT02319,B402,R04,S03,S01,09-09-2026,19:37,3
TKT02320,B403,R04,S05,S01,10-09-2026,07:57,3
TKT02321,B102,R01,S03,S09,11-09-2026,16:31,1
TKT02322,B303,R03,S15,S23,12-09-2026,09:07,2
TKT02323,B201,R02,S15,S16,13-09-2026,17:40,2
TKT02324,B501,R05,S03,S20,14-09-2026,09:36,3
TKT02325,B302,R03,S06,S23,01-09-2026,13:51,1
TKT02326,B303,R03,S19,S07,02-09-2026,17:51,3
TKT02327,B101,R01,S03,S05,03-09-2026,09:23,2
TKT02328,B402,R04,S05,S01,04-09-2026,17:36,3
TKT02329,B403,R04,S05,S28,05-09-2026,13:10,1
TKT02330,B102,R01,S09,S10,06-09-2026,17:22,4
TKT02331,B102,R01,S03,S05,07-09-2026,16:03,1
TKT02332,B303,R03,S06,S23,08-09-2026,13:34,2
TKT02333,B102,R01,S03,S10,09-09-2026,10:07,1
TKT02334,B501,R05,S31,S07,10-09-2026,09:11,2
TKT02335,B103,R01,S07,S08,11-09-2026,13:31,1
TKT02336,B403,R04,S07,S01,12-09-2026,21:25,1
TKT02337,B301,R03,S20,S23,13-09-2026,08:24,1
TKT02338,B302,R03,S20,S23,14-09-2026,15:34,1
TKT02339,B202,R02,S12,S02,01-09-2026,08:12,3
TKT02340,B203,R02,S13,S02,02-09-2026,17:48,2
TKT02341,B102,R01,S01,S03,03-09-2026,06:15,1
TKT02342,B203,R02,S02,S14,04-09-2026,19:06,1
TKT02343,B103,R01,S02,S03,05-09-2026,12:01,1
TKT02344,B501,R05,S11,S13,06-09-2026,19:36,2
TKT02345,B303,R03,S16,S07,07-09-2026,07:25,2
TKT02346,B102,R01,S05,S06,08-09-2026,10:31,1
TKT02347,B301,R03,S06,S21,09-09-2026,19:49,1
TKT02348,B101,R01,S01,S07,10-09-2026,18:13,2
TKT02349,B302,R03,S19,S20,11-09-2026,18:03,3
TKT02350,B201,R02,S02,S16,12-09-2026,07:54,2
TKT02351,B102,R01,S01,S09,13-09-2026,12:51,2
TKT02352,B202,R02,S13,S15,14-09-2026,19:02,3
TKT02353,B402,R04,S05,S03,01-09-2026,19:43,1
TKT02354,B401,R04,S06,S01,02-09-2026,09:16,2
TKT02355,B201,R02,S02,S16,03-09-2026,08:38,3
TKT02356,B103,R01,S09,S10,04-09-2026,17:48,2
TKT02357,B102,R01,S07,S09,05-09-2026,17:46,2
TKT02358,B301,R03,S20,S22,06-09-2026,08:20,2
TKT02359,B302,R03,S21,S22,07-09-2026,11:06,1
TKT02360,B501,R05,S11,S02,08-09-2026,07:01,2
TKT02361,B103,R01,S02,S07,09-09-2026,10:28,2
TKT02362,B101,R01,S01,S04,10-09-2026,12:32,1
TKT02363,B303,R03,S16,S20,11-09-2026,09:27,3
TKT02364,B302,R03,S21,S23,12-09-2026,08:22,1
TKT02365,B201,R02,S16,S18,13-09-2026,17:23,2
TKT02366,B302,R03,S16,S07,14-09-2026,12:45,1
TKT02367,B301,R03,S22,S23,01-09-2026,07:27,1
TKT02368,B403,R04,S03,S28,02-09-2026,08:01,2
TKT02369,B201,R02,S14,S17,03-09-2026,19:07,2
TKT02370,B102,R01,S04,S05,04-09-2026,18:12,1
TKT02371,B101,R01,S01,S06,05-09-2026,07:18,1
TKT02372,B201,R02,S16,S17,06-09-2026,18:43,1
TKT02373,B103,R01,S02,S08,07-09-2026,08:53,1
TKT02374,B203,R02,S02,S15,08-09-2026,18:03,1
TKT02375,B301,R03,S07,S23,09-09-2026,18:50,2
TKT02376,B502,R05,S07,S20,10-09-2026,07:31,4
TKT02377,B201,R02,S13,S02,11-09-2026,16:02,3
TKT02378,B101,R01,S09,S10,12-09-2026,10:29,4
TKT02379,B202,R02,S15,S18,13-09-2026,17:32,1
TKT02380,B301,R03,S22,S23,14-09-2026,07:31,2
TKT02381,B202,R02,S15,S16,01-09-2026,09:28,1
TKT02382,B103,R01,S05,S06,02-09-2026,07:31,1
TKT02383,B101,R01,S05,S09,03-09-2026,07:59,2
TKT02384,B201,R02,S11,S13,04-09-2026,18:06,2
TKT02385,B102,R01,S09,S10,05-09-2026,17:25,4
TKT02386,B503,R05,S31,S13,06-09-2026,07:22,2
TKT02387,B203,R02,S16,S18,07-09-2026,15:34,3
TKT02388,B101,R01,S05,S07,08-09-2026,09:19,1
TKT02389,B302,R03,S20,S23,09-09-2026,17:24,1
TKT02390,B101,R01,S08,S09,10-09-2026,21:03,1
TKT02391,B102,R01,S07,S10,11-09-2026,19:39,1
TKT02392,B101,R01,S06,S10,12-09-2026,18:00,1
TKT02393,B401,R04,S07,S01,13-09-2026,18:09,1
TKT02394,B403,R04,S06,S28,14-09-2026,17:13,2
TKT02395,B302,R03,S15,S20,01-09-2026,19:35,4
TKT02396,B203,R02,S17,S18,02-09-2026,21:14,1
TKT02397,B101,R01,S04,S05,03-09-2026,09:42,4
TKT02398,B502,R05,S13,S07,04-09-2026,06:25,1
TKT02399,B202,R02,S17,S18,05-09-2026,07:02,2
TKT02400,B403,R04,S05,S01,06-09-2026,17:01,2
TKT02401,B102,R01,S05,S08,07-09-2026,12:45,2
TKT02402,B101,R01,S04,S07,08-09-2026,09:17,1
TKT02403,B401,R04,S03,S01,09-09-2026,17:30,2
TKT02404,B302,R03,S21,S22,10-09-2026,09:49,3
TKT02405,B501,R05,S02,S04,11-09-2026,08:19,2
TKT02406,B203,R02,S16,S17,12-09-2026,07:32,2
TKT02407,B203,R02,S17,S18,13-09-2026,19:03,3
TKT02408,B402,R04,S05,S03,14-09-2026,15:21,3
TKT02409,B401,R04,S26,S07,01-09-2026,15:24,1
TKT02410,B101,R01,S05,S07,02-09-2026,18:11,2
TKT02411,B301,R03,S07,S20,03-09-2026,08:01,3
TKT02412,B201,R02,S16,S18,04-09-2026,14:07,3
TKT02413,B402,R04,S05,S01,05-09-2026,15:12,3
TKT02414,B201,R02,S16,S18,06-09-2026,17:08,2
TKT02415,B401,R04,S03,S01,07-09-2026,09:05,3
TKT02416,B303,R03,S16,S06,08-09-2026,19:55,3
TKT02417,B102,R01,S09,S10,09-09-2026,06:33,1
TKT02418,B101,R01,S03,S04,10-09-2026,18:45,3
TKT02419,B201,R02,S15,S16,11-09-2026,08:29,1
TKT02420,B101,R01,S02,S04,12-09-2026,08:07,2
TKT02421,B101,R01,S07,S08,13-09-2026,08:28,2
TKT02422,B402,R04,S26,S07,14-09-2026,21:42,4
TKT02423,B501,R05,S13,S07,01-09-2026,10:47,1
TKT02424,B203,R02,S16,S18,02-09-2026,16:34,1
TKT02425,B502,R05,S11,S02,03-09-2026,19:50,3
TKT02426,B402,R04,S25,S26,04-09-2026,07:13,1
TKT02427,B402,R04,S03,S28,05-09-2026,09:45,1
TKT02428,B202,R02,S11,S14,06-09-2026,21:23,1
TKT02429,B103,R01,S07,S09,07-09-2026,19:28,1
TKT02430,B402,R04,S05,S01,08-09-2026,18:40,2
TKT02431,B502,R05,S11,S31,09-09-2026,21:28,1
TKT02432,B102,R01,S07,S08,10-09-2026,18:55,4
TKT02433,B402,R04,S03,S28,11-09-2026,21:58,1
TKT02434,B102,R01,S04,S10,12-09-2026,19:24,3
TKT02435,B203,R02,S14,S16,13-09-2026,08:47,2
TKT02436,B503,R05,S30,S13,14-09-2026,15:58,2
TKT02437,B301,R03,S15,S23,01-09-2026,15:27,1
TKT02438,B202,R02,S02,S15,02-09-2026,09:49,2
TKT02439,B102,R01,S02,S05,03-09-2026,17:56,2
TKT02440,B203,R02,S15,S16,04-09-2026,08:02,3
TKT02441,B303,R03,S19,S06,05-09-2026,18:12,4
TKT02442,B203,R02,S16,S18,06-09-2026,21:17,1
TKT02443,B201,R02,S16,S17,07-09-2026,18:27,2
TKT02444,B303,R03,S16,S07,08-09-2026,11:33,1
TKT02445,B303,R03,S16,S19,09-09-2026,14:18,1
TKT02446,B402,R04,S05,S01,10-09-2026,19:12,3
TKT02447,B401,R04,S24,S28,11-09-2026,10:02,1
TKT02448,B501,R05,S07,S20,12-09-2026,18:34,2
TKT02449,B401,R04,S03,S28,13-09-2026,18:58,5
TKT02450,B402,R04,S05,S01,14-09-2026,08:58,3
TKT02451,B503,R05,S29,S02,01-09-2026,18:35,3
TKT02452,B302,R03,S21,S22,02-09-2026,17:30,1
TKT02453,B502,R05,S29,S13,03-09-2026,06:23,1
TKT02454,B202,R02,S17,S18,04-09-2026,17:48,1
TKT02455,B201,R02,S16,S18,05-09-2026,15:36,1
TKT02456,B203,R02,S13,S02,06-09-2026,20:23,1
TKT02457,B403,R04,S03,S01,07-09-2026,10:13,1
TKT02458,B103,R01,S07,S09,08-09-2026,19:38,2
TKT02459,B203,R02,S14,S17,09-09-2026,17:06,1
TKT02460,B103,R01,S01,S05,10-09-2026,08:00,5
TKT02461,B503,R05,S11,S31,11-09-2026,17:25,4
TKT02462,B203,R02,S13,S18,12-09-2026,17:39,2
TKT02463,B302,R03,S20,S21,13-09-2026,17:55,2
TKT02464,B203,R02,S17,S18,14-09-2026,13:15,3
TKT02465,B202,R02,S14,S15,01-09-2026,18:05,3
TKT02466,B502,R05,S29,S03,02-09-2026,12:18,2
TKT02467,B101,R01,S01,S06,03-09-2026,10:43,1
TKT02468,B202,R02,S16,S18,04-09-2026,16:24,1
TKT02469,B302,R03,S22,S23,05-09-2026,19:18,2
TKT02470,B103,R01,S01,S04,06-09-2026,08:34,3
TKT02471,B302,R03,S22,S23,07-09-2026,12:32,2
TKT02472,B301,R03,S16,S23,08-09-2026,07:16,3
TKT02473,B101,R01,S07,S09,09-09-2026,08:13,3
TKT02474,B201,R02,S15,S16,10-09-2026,19:41,1
TKT02475,B302,R03,S22,S23,11-09-2026,12:45,2
TKT02476,B503,R05,S03,S07,12-09-2026,14:23,4
TKT02477,B103,R01,S09,S10,13-09-2026,18:46,2
TKT02478,B101,R01,S07,S08,14-09-2026,18:43,1
TKT02479,B301,R03,S06,S22,01-09-2026,20:51,1
TKT02480,B303,R03,S15,S19,02-09-2026,07:01,2
TKT02481,B203,R02,S02,S14,03-09-2026,10:57,1
TKT02482,B302,R03,S16,S06,04-09-2026,08:20,2
TKT02483,B102,R01,S07,S10,05-09-2026,08:11,2
TKT02484,B201,R02,S17,S18,06-09-2026,18:00,2
TKT02485,B202,R02,S02,S15,07-09-2026,09:39,2
TKT02486,B101,R01,S08,S09,08-09-2026,09:15,2
TKT02487,B203,R02,S15,S18,09-09-2026,09:25,2
TKT02488,B102,R01,S06,S09,10-09-2026,19:21,1
TKT02489,B502,R05,S02,S07,11-09-2026,07:19,4
TKT02490,B302,R03,S20,S22,12-09-2026,06:43,2
TKT02491,B101,R01,S03,S05,13-09-2026,11:45,1
TKT02492,B102,R01,S06,S08,14-09-2026,19:33,2
TKT02493,B202,R02,S13,S15,01-09-2026,18:10,3
TKT02494,B103,R01,S01,S07,02-09-2026,18:49,4
TKT02495,B501,R05,S04,S07,03-09-2026,08:18,3
TKT02496,B302,R03,S21,S23,04-09-2026,19:52,2
TKT02497,B403,R04,S25,S06,05-09-2026,08:13,1
TKT02498,B203,R02,S17,S18,06-09-2026,09:22,3
TKT02499,B301,R03,S22,S23,07-09-2026,07:56,3
TKT02500,B503,R05,S02,S03,08-09-2026,15:23,1
TKT02501,B503,R05,S13,S07,09-09-2026,19:06,3
TKT02502,B202,R02,S11,S12,10-09-2026,18:26,2
TKT02503,B502,R05,S13,S02,11-09-2026,09:13,1
TKT02504,B101,R01,S06,S09,12-09-2026,15:39,1
TKT02505,B203,R02,S13,S17,13-09-2026,07:43,1
TKT02506,B102,R01,S02,S04,14-09-2026,07:51,4
TKT02507,B101,R01,S09,S10,01-09-2026,19:40,3
TKT02508,B102,R01,S07,S08,02-09-2026,19:44,3
TKT02509,B301,R03,S22,S23,03-09-2026,09:51,5
TKT02510,B302,R03,S20,S21,04-09-2026,14:51,2
TKT02511,B402,R04,S05,S03,05-09-2026,20:46,1
TKT02512,B203,R02,S13,S16,06-09-2026,19:37,1
TKT02513,B302,R03,S20,S22,07-09-2026,07:00,2
TKT02514,B401,R04,S07,S05,08-09-2026,17:43,4
TKT02515,B502,R05,S31,S13,09-09-2026,17:45,4
TKT02516,B402,R04,S03,S01,10-09-2026,08:50,2
TKT02517,B302,R03,S19,S07,11-09-2026,11:25,2
TKT02518,B501,R05,S07,S20,12-09-2026,07:33,2
TKT02519,B403,R04,S28,S01,13-09-2026,07:42,1
TKT02520,B303,R03,S06,S07,14-09-2026,12:19,1
TKT02521,B302,R03,S07,S20,01-09-2026,20:59,2
TKT02522,B403,R04,S07,S05,02-09-2026,17:59,1
TKT02523,B403,R04,S03,S01,03-09-2026,07:21,2
TKT02524,B301,R03,S15,S07,04-09-2026,18:29,3
TKT02525,B202,R02,S15,S16,05-09-2026,14:06,3
TKT02526,B103,R01,S09,S10,06-09-2026,09:33,3
TKT02527,B103,R01,S07,S08,07-09-2026,19:29,2
TKT02528,B501,R05,S03,S20,08-09-2026,17:05,2
TKT02529,B402,R04,S25,S06,09-09-2026,07:08,2
TKT02530,B102,R01,S07,S09,10-09-2026,07:04,2
TKT02531,B101,R01,S06,S08,11-09-2026,14:25,2
TKT02532,B503,R05,S03,S07,12-09-2026,11:15,1
TKT02533,B201,R02,S11,S13,13-09-2026,17:32,3
TKT02534,B103,R01,S08,S10,14-09-2026,17:27,4
TKT02535,B201,R02,S14,S15,01-09-2026,07:02,1
TKT02536,B303,R03,S20,S22,02-09-2026,15:44,1
TKT02537,B302,R03,S15,S20,03-09-2026,06:49,1
TKT02538,B202,R02,S16,S17,04-09-2026,11:18,1
TKT02539,B302,R03,S20,S21,05-09-2026,10:02,1
TKT02540,B501,R05,S29,S30,06-09-2026,18:41,2
TKT02541,B101,R01,S05,S08,07-09-2026,17:52,3
TKT02542,B203,R02,S17,S18,08-09-2026,17:12,5
TKT02543,B301,R03,S16,S19,09-09-2026,19:19,5
TKT02544,B503,R05,S04,S20,10-09-2026,08:14,3
TKT02545,B402,R04,S03,S01,11-09-2026,17:16,1
TKT02546,B101,R01,S01,S02,12-09-2026,19:40,3
TKT02547,B301,R03,S19,S07,13-09-2026,17:17,3
TKT02548,B302,R03,S20,S21,14-09-2026,08:47,2
TKT02549,B502,R05,S04,S20,01-09-2026,08:27,2
TKT02550,B201,R02,S16,S17,02-09-2026,17:44,2
TKT02551,B202,R02,S13,S14,03-09-2026,13:47,2
TKT02552,B301,R03,S21,S22,04-09-2026,07:28,2
TKT02553,B202,R02,S15,S16,05-09-2026,08:34,2
TKT02554,B402,R04,S25,S05,06-09-2026,09:13,3
TKT02555,B302,R03,S15,S20,07-09-2026,16:14,1
TKT02556,B102,R01,S06,S07,08-09-2026,07:09,1
TKT02557,B502,R05,S07,S20,09-09-2026,17:22,2
TKT02558,B203,R02,S02,S18,10-09-2026,08:34,3
TKT02559,B403,R04,S03,S01,11-09-2026,21:00,2
TKT02560,B302,R03,S21,S22,12-09-2026,19:54,3
TKT02561,B101,R01,S02,S09,13-09-2026,12:43,1
TKT02562,B102,R01,S01,S07,14-09-2026,17:27,1
TKT02563,B503,R05,S13,S07,01-09-2026,19:50,2
TKT02564,B403,R04,S05,S28,02-09-2026,09:02,1
TKT02565,B303,R03,S19,S20,03-09-2026,18:02,1
TKT02566,B302,R03,S20,S22,04-09-2026,08:15,2
TKT02567,B502,R05,S02,S07,05-09-2026,19:30,2
TKT02568,B302,R03,S20,S23,06-09-2026,13:04,3
TKT02569,B403,R04,S24,S25,07-09-2026,08:11,4
TKT02570,B201,R02,S02,S17,08-09-2026,18:16,2
TKT02571,B103,R01,S05,S08,09-09-2026,08:48,1
TKT02572,B502,R05,S13,S20,10-09-2026,13:21,1
TKT02573,B202,R02,S13,S02,11-09-2026,14:07,1
TKT02574,B501,R05,S02,S07,12-09-2026,07:56,3
TKT02575,B301,R03,S19,S06,13-09-2026,07:19,2
TKT02576,B103,R01,S03,S05,14-09-2026,18:34,2
TKT02577,B401,R04,S03,S28,01-09-2026,13:42,3
TKT02578,B301,R03,S20,S21,02-09-2026,13:00,1
TKT02579,B303,R03,S21,S23,03-09-2026,18:55,2
TKT02580,B403,R04,S07,S05,04-09-2026,09:43,3
TKT02581,B202,R02,S16,S18,05-09-2026,13:36,2
TKT02582,B502,R05,S13,S07,06-09-2026,16:20,2
TKT02583,B301,R03,S15,S06,07-09-2026,09:04,3
TKT02584,B102,R01,S03,S09,08-09-2026,19:57,3
TKT02585,B403,R04,S25,S06,09-09-2026,16:38,2
TKT02586,B103,R01,S04,S07,10-09-2026,08:16,3
TKT02587,B101,R01,S02,S05,11-09-2026,09:06,1
TKT02588,B303,R03,S07,S21,12-09-2026,16:23,1
TKT02589,B101,R01,S03,S06,13-09-2026,14:37,1
TKT02590,B103,R01,S07,S08,14-09-2026,17:48,1
TKT02591,B402,R04,S24,S05,01-09-2026,13:04,1
TKT02592,B101,R01,S08,S09,02-09-2026,16:58,1
TKT02593,B301,R03,S21,S22,03-09-2026,19:46,2
TKT02594,B301,R03,S07,S20,04-09-2026,16:11,2
TKT02595,B502,R05,S02,S20,05-09-2026,19:17,2
TKT02596,B502,R05,S02,S20,06-09-2026,07:33,1
TKT02597,B101,R01,S03,S05,07-09-2026,11:07,3
TKT02598,B401,R04,S05,S03,08-09-2026,15:03,4
TKT02599,B203,R02,S12,S17,09-09-2026,17:18,4
TKT02600,B302,R03,S16,S19,10-09-2026,12:53,1
TKT02601,B202,R02,S16,S17,11-09-2026,16:46,1
TKT02602,B301,R03,S22,S23,12-09-2026,08:22,2
TKT02603,B101,R01,S09,S10,13-09-2026,09:34,1
TKT02604,B301,R03,S20,S21,14-09-2026,21:37,1
TKT02605,B202,R02,S02,S15,01-09-2026,12:47,1
TKT02606,B302,R03,S15,S20,02-09-2026,16:32,1
TKT02607,B301,R03,S06,S23,03-09-2026,18:10,1
TKT02608,B303,R03,S22,S23,04-09-2026,10:52,3
TKT02609,B103,R01,S03,S07,05-09-2026,17:33,1
TKT02610,B403,R04,S25,S26,06-09-2026,15:50,2
TKT02611,B201,R02,S16,S18,07-09-2026,13:01,1
TKT02612,B403,R04,S24,S26,08-09-2026,11:29,1
TKT02613,B302,R03,S07,S22,09-09-2026,08:19,1
TKT02614,B101,R01,S09,S10,10-09-2026,09:00,2
TKT02615,B102,R01,S09,S10,11-09-2026,16:46,1
TKT02616,B201,R02,S11,S16,12-09-2026,08:34,3
TKT02617,B102,R01,S03,S04,13-09-2026,09:54,3
TKT02618,B101,R01,S09,S10,14-09-2026,15:27,1
TKT02619,B202,R02,S02,S17,01-09-2026,17:20,2
TKT02620,B303,R03,S20,S23,02-09-2026,14:09,2
TKT02621,B101,R01,S07,S08,03-09-2026,07:39,1
TKT02622,B403,R04,S05,S28,04-09-2026,15:05,2
TKT02623,B401,R04,S25,S26,05-09-2026,10:15,1
TKT02624,B303,R03,S07,S22,06-09-2026,11:34,1
TKT02625,B303,R03,S15,S21,07-09-2026,20:24,1
TKT02626,B102,R01,S01,S08,08-09-2026,17:52,2
TKT02627,B401,R04,S03,S01,09-09-2026,10:18,2
TKT02628,B103,R01,S06,S07,10-09-2026,11:44,1
TKT02629,B403,R04,S07,S28,11-09-2026,18:32,4
TKT02630,B103,R01,S01,S05,12-09-2026,07:15,1
TKT02631,B303,R03,S06,S07,13-09-2026,08:11,2
TKT02632,B102,R01,S02,S07,14-09-2026,17:35,2
TKT02633,B101,R01,S02,S07,01-09-2026,19:58,1
TKT02634,B101,R01,S07,S09,02-09-2026,16:47,2
TKT02635,B202,R02,S17,S18,03-09-2026,17:39,1
TKT02636,B501,R05,S04,S07,04-09-2026,19:30,1
TKT02637,B203,R02,S13,S02,05-09-2026,17:42,3
TKT02638,B302,R03,S21,S23,06-09-2026,12:18,1
TKT02639,B302,R03,S16,S23,07-09-2026,08:45,2
TKT02640,B103,R01,S09,S10,08-09-2026,07:54,2
TKT02641,B503,R05,S02,S03,09-09-2026,06:04,1
TKT02642,B503,R05,S13,S20,10-09-2026,09:53,2
TKT02643,B302,R03,S16,S07,11-09-2026,15:32,2
TKT02644,B401,R04,S03,S01,12-09-2026,19:38,2
TKT02645,B201,R02,S02,S18,13-09-2026,08:30,2
TKT02646,B501,R05,S30,S03,14-09-2026,08:00,3
TKT02647,B301,R03,S20,S22,01-09-2026,19:48,1
TKT02648,B102,R01,S07,S09,02-09-2026,11:46,2
TKT02649,B302,R03,S06,S21,03-09-2026,12:56,1
TKT02650,B402,R04,S28,S01,04-09-2026,09:12,3
TKT02651,B402,R04,S24,S07,05-09-2026,18:31,1
TKT02652,B103,R01,S05,S07,06-09-2026,09:16,1
TKT02653,B503,R05,S02,S20,07-09-2026,17:13,4
TKT02654,B203,R02,S13,S17,08-09-2026,19:28,3
TKT02655,B302,R03,S07,S23,09-09-2026,13:41,2
TKT02656,B103,R01,S05,S06,10-09-2026,09:31,2
TKT02657,B501,R05,S02,S04,11-09-2026,18:45,4
TKT02658,B302,R03,S07,S20,12-09-2026,09:37,1
TKT02659,B101,R01,S05,S07,13-09-2026,09:38,1
TKT02660,B403,R04,S24,S26,14-09-2026,19:53,2
TKT02661,B402,R04,S24,S25,01-09-2026,17:16,3
TKT02662,B201,R02,S13,S16,02-09-2026,12:00,1
TKT02663,B103,R01,S06,S07,03-09-2026,07:57,2
TKT02664,B301,R03,S16,S23,04-09-2026,18:45,2
TKT02665,B103,R01,S07,S08,05-09-2026,17:26,3
TKT02666,B301,R03,S21,S23,06-09-2026,09:30,2
TKT02667,B203,R02,S16,S17,07-09-2026,20:13,1
TKT02668,B203,R02,S02,S17,08-09-2026,09:28,2
TKT02669,B101,R01,S05,S10,09-09-2026,13:48,2
TKT02670,B303,R03,S07,S22,10-09-2026,16:55,1
TKT02671,B502,R05,S13,S04,11-09-2026,14:33,1
TKT02672,B403,R04,S03,S28,12-09-2026,09:33,1
TKT02673,B301,R03,S21,S22,13-09-2026,13:05,1
TKT02674,B103,R01,S09,S10,14-09-2026,08:22,2
TKT02675,B102,R01,S04,S05,01-09-2026,13:26,2
TKT02676,B201,R02,S16,S18,02-09-2026,16:32,2
TKT02677,B401,R04,S26,S07,03-09-2026,07:46,2
TKT02678,B401,R04,S25,S05,04-09-2026,19:23,4
TKT02679,B403,R04,S07,S06,05-09-2026,17:49,1
TKT02680,B402,R04,S28,S01,06-09-2026,17:42,1
TKT02681,B202,R02,S13,S17,07-09-2026,17:40,1
TKT02682,B103,R01,S06,S10,08-09-2026,10:01,1
TKT02683,B103,R01,S08,S09,09-09-2026,08:42,2
TKT02684,B303,R03,S19,S07,10-09-2026,08:30,2
TKT02685,B502,R05,S02,S03,11-09-2026,17:35,4
TKT02686,B403,R04,S05,S01,12-09-2026,17:31,2
TKT02687,B302,R03,S06,S23,13-09-2026,17:03,3
TKT02688,B402,R04,S25,S05,14-09-2026,08:57,4
TKT02689,B203,R02,S02,S14,01-09-2026,13:03,2
TKT02690,B201,R02,S15,S18,02-09-2026,09:35,2
TKT02691,B203,R02,S14,S18,03-09-2026,14:25,1
TKT02692,B303,R03,S15,S22,04-09-2026,17:35,3
TKT02693,B301,R03,S20,S21,05-09-2026,08:05,2
TKT02694,B102,R01,S07,S08,06-09-2026,16:19,1
TKT02695,B102,R01,S05,S09,07-09-2026,21:32,1
TKT02696,B501,R05,S07,S20,08-09-2026,17:39,2
TKT02697,B301,R03,S07,S22,09-09-2026,15:24,1
TKT02698,B102,R01,S09,S10,10-09-2026,13:29,1
TKT02699,B501,R05,S03,S07,11-09-2026,13:29,1
TKT02700,B502,R05,S02,S07,12-09-2026,19:41,2
TKT02701,B103,R01,S02,S03,13-09-2026,09:04,3
TKT02702,B302,R03,S06,S22,14-09-2026,17:56,4
TKT02703,B503,R05,S02,S04,01-09-2026,19:03,3
TKT02704,B501,R05,S04,S07,02-09-2026,19:49,1
TKT02705,B103,R01,S01,S02,03-09-2026,18:01,2
TKT02706,B202,R02,S02,S14,04-09-2026,12:44,3
TKT02707,B403,R04,S05,S28,05-09-2026,17:44,2
TKT02708,B202,R02,S02,S17,06-09-2026,18:38,3
TKT02709,B102,R01,S02,S03,07-09-2026,18:59,2
TKT02710,B402,R04,S07,S03,08-09-2026,09:32,4
TKT02711,B302,R03,S20,S21,09-09-2026,12:48,2
TKT02712,B101,R01,S08,S09,10-09-2026,09:59,4
TKT02713,B201,R02,S17,S18,11-09-2026,17:15,3
TKT02714,B303,R03,S22,S23,12-09-2026,09:53,2
TKT02715,B103,R01,S04,S06,13-09-2026,15:32,1
TKT02716,B102,R01,S09,S10,14-09-2026,07:02,1
TKT02717,B502,R05,S02,S07,01-09-2026,08:03,3
TKT02718,B301,R03,S16,S21,02-09-2026,19:26,2
TKT02719,B302,R03,S06,S07,03-09-2026,08:58,2
TKT02720,B202,R02,S13,S15,04-09-2026,14:53,2
TKT02721,B501,R05,S03,S04,05-09-2026,19:46,1
TKT02722,B102,R01,S06,S07,06-09-2026,18:22,2
TKT02723,B501,R05,S29,S03,07-09-2026,11:23,3
TKT02724,B202,R02,S14,S16,08-09-2026,19:14,1
TKT02725,B302,R03,S19,S06,09-09-2026,08:06,1
TKT02726,B501,R05,S11,S02,10-09-2026,19:23,1
TKT02727,B103,R01,S02,S10,11-09-2026,19:35,3
TKT02728,B202,R02,S16,S17,12-09-2026,17:55,2
TKT02729,B301,R03,S16,S20,13-09-2026,10:01,2
TKT02730,B402,R04,S03,S28,14-09-2026,13:19,1
TKT02731,B201,R02,S02,S14,01-09-2026,19:09,2
TKT02732,B203,R02,S11,S15,02-09-2026,08:50,2
TKT02733,B202,R02,S17,S18,03-09-2026,13:33,2
TKT02734,B101,R01,S02,S08,04-09-2026,06:09,2
TKT02735,B202,R02,S17,S18,05-09-2026,09:27,3
TKT02736,B303,R03,S19,S23,06-09-2026,20:49,1
TKT02737,B101,R01,S05,S07,07-09-2026,10:39,3
TKT02738,B203,R02,S13,S16,08-09-2026,17:18,1
TKT02739,B503,R05,S02,S20,09-09-2026,19:49,1
TKT02740,B402,R04,S28,S01,10-09-2026,17:50,1
TKT02741,B202,R02,S13,S14,11-09-2026,08:07,1
TKT02742,B502,R05,S02,S04,12-09-2026,13:57,3
TKT02743,B203,R02,S17,S18,13-09-2026,13:38,3
TKT02744,B103,R01,S08,S09,14-09-2026,07:40,3
TKT02745,B101,R01,S04,S07,01-09-2026,07:29,3
TKT02746,B201,R02,S13,S14,02-09-2026,07:59,2
TKT02747,B101,R01,S07,S08,03-09-2026,07:03,4
TKT02748,B101,R01,S09,S10,04-09-2026,07:36,1
TKT02749,B101,R01,S05,S09,05-09-2026,11:51,3
TKT02750,B103,R01,S09,S10,06-09-2026,09:49,2
TKT02751,B101,R01,S02,S03,07-09-2026,17:36,2
TKT02752,B402,R04,S05,S28,08-09-2026,09:00,1
TKT02753,B101,R01,S05,S09,09-09-2026,07:36,2
TKT02754,B503,R05,S02,S03,10-09-2026,10:02,1
TKT02755,B201,R02,S15,S16,11-09-2026,17:33,3
TKT02756,B302,R03,S22,S23,12-09-2026,10:15,1
TKT02757,B202,R02,S02,S14,13-09-2026,18:38,1
TKT02758,B301,R03,S21,S22,14-09-2026,08:03,1
TKT02759,B102,R01,S02,S04,01-09-2026,19:48,1
TKT02760,B501,R05,S07,S20,02-09-2026,18:05,1
TKT02761,B402,R04,S05,S03,03-09-2026,07:08,1
TKT02762,B503,R05,S02,S07,04-09-2026,06:38,1
TKT02763,B102,R01,S09,S10,05-09-2026,18:25,2
TKT02764,B403,R04,S25,S03,06-09-2026,20:12,1
TKT02765,B103,R01,S07,S09,07-09-2026,08:38,1
TKT02766,B303,R03,S16,S19,08-09-2026,09:52,1
TKT02767,B203,R02,S16,S18,09-09-2026,20:42,1
TKT02768,B401,R04,S26,S28,10-09-2026,07:19,2
TKT02769,B103,R01,S09,S10,11-09-2026,19:52,2
TKT02770,B502,R05,S03,S07,12-09-2026,07:47,2
TKT02771,B403,R04,S25,S26,13-09-2026,08:49,2
TKT02772,B303,R03,S15,S19,14-09-2026,17:01,1
TKT02773,B202,R02,S13,S17,01-09-2026,18:22,3
TKT02774,B502,R05,S29,S31,02-09-2026,19:43,1
TKT02775,B403,R04,S26,S05,03-09-2026,19:59,1
TKT02776,B301,R03,S07,S21,04-09-2026,09:51,1
TKT02777,B103,R01,S07,S10,05-09-2026,10:16,2
TKT02778,B201,R02,S16,S17,06-09-2026,18:19,2
TKT02779,B103,R01,S05,S08,07-09-2026,10:03,1
TKT02780,B403,R04,S07,S05,08-09-2026,07:20,1
TKT02781,B501,R05,S13,S02,09-09-2026,14:41,2
TKT02782,B201,R02,S02,S16,10-09-2026,07:58,5
TKT02783,B102,R01,S02,S07,11-09-2026,18:58,3
TKT02784,B302,R03,S07,S20,12-09-2026,10:13,2
TKT02785,B303,R03,S06,S07,13-09-2026,10:25,1
TKT02786,B302,R03,S16,S22,14-09-2026,09:31,1
TKT02787,B101,R01,S07,S09,01-09-2026,14:42,2
TKT02788,B103,R01,S09,S10,02-09-2026,07:23,2
TKT02789,B301,R03,S07,S20,03-09-2026,07:15,1
TKT02790,B201,R02,S16,S17,04-09-2026,17:07,1
TKT02791,B503,R05,S30,S02,05-09-2026,09:17,3
TKT02792,B202,R02,S12,S17,06-09-2026,16:39,2
TKT02793,B201,R02,S17,S18,07-09-2026,07:31,1
TKT02794,B402,R04,S25,S03,08-09-2026,17:44,2
TKT02795,B301,R03,S16,S06,09-09-2026,15:59,2
TKT02796,B403,R04,S05,S01,10-09-2026,17:31,2
TKT02797,B502,R05,S03,S04,11-09-2026,10:19,3
TKT02798,B301,R03,S06,S23,12-09-2026,17:43,3
TKT02799,B203,R02,S15,S17,13-09-2026,08:57,3
TKT02800,B501,R05,S11,S07,14-09-2026,07:26,2
TKT02801,B403,R04,S28,S01,01-09-2026,09:27,3
TKT02802,B203,R02,S14,S16,02-09-2026,17:20,2
TKT02803,B201,R02,S15,S16,03-09-2026,07:57,2
TKT02804,B402,R04,S25,S03,04-09-2026,18:51,3
TKT02805,B103,R01,S05,S09,05-09-2026,18:45,2
TKT02806,B501,R05,S29,S02,06-09-2026,19:22,2
TKT02807,B202,R02,S14,S16,07-09-2026,16:28,1
TKT02808,B203,R02,S17,S18,08-09-2026,09:32,1
TKT02809,B201,R02,S16,S17,09-09-2026,10:58,1
TKT02810,B103,R01,S02,S03,10-09-2026,17:55,3
TKT02811,B301,R03,S22,S23,11-09-2026,08:21,1
TKT02812,B103,R01,S03,S07,12-09-2026,09:42,1
TKT02813,B101,R01,S07,S08,13-09-2026,18:41,3
TKT02814,B103,R01,S01,S05,14-09-2026,12:07,1
TKT02815,B201,R02,S16,S17,01-09-2026,18:47,2
TKT02816,B201,R02,S13,S14,02-09-2026,07:53,3
TKT02817,B303,R03,S07,S22,03-09-2026,08:05,4
TKT02818,B303,R03,S06,S07,04-09-2026,12:25,1
TKT02819,B303,R03,S22,S23,05-09-2026,09:34,2
TKT02820,B302,R03,S15,S22,06-09-2026,08:44,1
TKT02821,B102,R01,S02,S07,07-09-2026,09:56,2
TKT02822,B101,R01,S02,S03,08-09-2026,17:56,1
TKT02823,B103,R01,S09,S10,09-09-2026,18:30,4
TKT02824,B201,R02,S13,S02,10-09-2026,17:12,2
TKT02825,B403,R04,S07,S06,11-09-2026,09:38,2
TKT02826,B401,R04,S26,S03,12-09-2026,17:33,2
TKT02827,B102,R01,S01,S07,13-09-2026,19:06,1
TKT02828,B301,R03,S07,S22,14-09-2026,17:59,1
TKT02829,B302,R03,S07,S21,01-09-2026,18:08,1
TKT02830,B401,R04,S03,S28,02-09-2026,17:39,2
TKT02831,B202,R02,S11,S13,03-09-2026,20:54,1
TKT02832,B302,R03,S16,S07,04-09-2026,18:31,1
TKT02833,B501,R05,S02,S03,05-09-2026,17:27,3
TKT02834,B101,R01,S03,S05,06-09-2026,08:26,2
TKT02835,B102,R01,S06,S08,07-09-2026,17:03,1
TKT02836,B501,R05,S02,S07,08-09-2026,08:16,2
TKT02837,B502,R05,S30,S31,09-09-2026,07:16,3
TKT02838,B502,R05,S13,S02,10-09-2026,09:03,1
TKT02839,B302,R03,S07,S21,11-09-2026,16:21,1
TKT02840,B201,R02,S13,S14,12-09-2026,12:09,2
TKT02841,B201,R02,S02,S14,13-09-2026,07:31,2
TKT02842,B301,R03,S15,S19,14-09-2026,08:35,1
TKT02843,B101,R01,S04,S05,01-09-2026,17:18,2
TKT02844,B403,R04,S06,S05,02-09-2026,13:55,1
TKT02845,B401,R04,S07,S05,03-09-2026,09:29,3
TKT02846,B501,R05,S02,S07,04-09-2026,10:14,1
TKT02847,B203,R02,S16,S18,05-09-2026,07:29,1
TKT02848,B401,R04,S28,S01,06-09-2026,18:12,2
TKT02849,B201,R02,S16,S17,07-09-2026,12:53,2
TKT02850,B203,R02,S11,S12,08-09-2026,17:01,1
TKT02851,B403,R04,S07,S03,09-09-2026,13:32,3
TKT02852,B102,R01,S07,S08,10-09-2026,09:13,2
TKT02853,B403,R04,S06,S03,11-09-2026,19:52,3
TKT02854,B103,R01,S06,S08,12-09-2026,17:28,2
TKT02855,B103,R01,S05,S06,13-09-2026,09:34,2
TKT02856,B503,R05,S02,S04,14-09-2026,17:05,3
TKT02857,B102,R01,S09,S10,01-09-2026,18:48,1
TKT02858,B102,R01,S07,S10,02-09-2026,12:59,1
TKT02859,B302,R03,S07,S21,03-09-2026,18:51,1
TKT02860,B103,R01,S07,S08,04-09-2026,11:15,2
TKT02861,B303,R03,S22,S23,05-09-2026,17:27,2
TKT02862,B301,R03,S07,S21,06-09-2026,18:16,1
TKT02863,B501,R05,S13,S02,07-09-2026,11:05,3
TKT02864,B103,R01,S07,S08,08-09-2026,09:56,2
TKT02865,B503,R05,S04,S20,09-09-2026,08:09,3
TKT02866,B501,R05,S04,S20,10-09-2026,19:26,2
TKT02867,B203,R02,S11,S02,11-09-2026,06:48,1
TKT02868,B403,R04,S25,S03,12-09-2026,18:24,1
TKT02869,B101,R01,S07,S09,13-09-2026,17:43,1
TKT02870,B503,R05,S30,S07,14-09-2026,08:42,3
TKT02871,B502,R05,S29,S30,01-09-2026,14:02,3
TKT02872,B102,R01,S07,S10,02-09-2026,08:51,4
TKT02873,B202,R02,S13,S16,03-09-2026,07:39,3
TKT02874,B401,R04,S07,S28,04-09-2026,17:09,5
TKT02875,B203,R02,S11,S17,05-09-2026,17:30,3
TKT02876,B302,R03,S06,S22,06-09-2026,09:58,3
TKT02877,B503,R05,S13,S04,07-09-2026,10:18,1
TKT02878,B202,R02,S14,S15,08-09-2026,18:45,1
TKT02879,B103,R01,S07,S09,09-09-2026,17:54,3
TKT02880,B402,R04,S25,S05,10-09-2026,18:35,3
TKT02881,B401,R04,S07,S06,11-09-2026,19:37,2
TKT02882,B102,R01,S05,S06,12-09-2026,19:13,3
TKT02883,B102,R01,S05,S08,13-09-2026,11:25,2
TKT02884,B101,R01,S08,S09,14-09-2026,09:18,3
TKT02885,B401,R04,S06,S01,01-09-2026,08:11,1
TKT02886,B103,R01,S05,S07,02-09-2026,10:05,1
TKT02887,B101,R01,S05,S06,03-09-2026,08:42,2
TKT02888,B201,R02,S13,S17,04-09-2026,18:33,3
TKT02889,B102,R01,S04,S05,05-09-2026,09:09,1
TKT02890,B302,R03,S21,S23,06-09-2026,06:01,1
TKT02891,B303,R03,S07,S21,07-09-2026,12:02,3
TKT02892,B101,R01,S04,S06,08-09-2026,18:57,1
TKT02893,B203,R02,S02,S14,09-09-2026,10:19,1
TKT02894,B202,R02,S13,S18,10-09-2026,17:15,1
TKT02895,B102,R01,S09,S10,11-09-2026,07:49,3
TKT02896,B102,R01,S01,S07,12-09-2026,12:20,4
TKT02897,B303,R03,S20,S22,13-09-2026,18:51,1
TKT02898,B403,R04,S07,S06,14-09-2026,16:12,2
TKT02899,B103,R01,S05,S07,01-09-2026,11:47,1
TKT02900,B103,R01,S03,S04,02-09-2026,17:12,3
TKT02901,B302,R03,S16,S07,03-09-2026,09:26,2
TKT02902,B202,R02,S15,S17,04-09-2026,07:46,2
TKT02903,B302,R03,S16,S23,05-09-2026,19:17,2
TKT02904,B303,R03,S15,S20,06-09-2026,11:11,1
TKT02905,B101,R01,S09,S10,07-09-2026,07:15,3
TKT02906,B401,R04,S24,S28,08-09-2026,11:00,1
TKT02907,B102,R01,S03,S05,09-09-2026,11:40,2
TKT02908,B203,R02,S16,S17,10-09-2026,15:21,1
TKT02909,B501,R05,S07,S20,11-09-2026,19:40,1
TKT02910,B103,R01,S07,S08,12-09-2026,13:03,3
TKT02911,B101,R01,S05,S09,13-09-2026,07:28,3
TKT02912,B503,R05,S29,S30,14-09-2026,13:02,1
TKT02913,B302,R03,S22,S23,01-09-2026,18:31,3
TKT02914,B101,R01,S05,S07,02-09-2026,12:00,1
TKT02915,B101,R01,S04,S05,03-09-2026,17:33,2
TKT02916,B202,R02,S17,S18,04-09-2026,19:09,3
TKT02917,B203,R02,S12,S02,05-09-2026,11:42,1
TKT02918,B202,R02,S17,S18,06-09-2026,18:13,2
TKT02919,B202,R02,S15,S17,07-09-2026,19:00,1
TKT02920,B101,R01,S01,S05,08-09-2026,18:39,1
TKT02921,B101,R01,S01,S02,09-09-2026,19:28,3
TKT02922,B403,R04,S26,S28,10-09-2026,12:34,2
TKT02923,B102,R01,S02,S05,11-09-2026,09:13,2
TKT02924,B301,R03,S20,S21,12-09-2026,14:34,2
TKT02925,B303,R03,S15,S07,13-09-2026,09:15,2
TKT02926,B402,R04,S28,S01,14-09-2026,14:10,1
TKT02927,B202,R02,S15,S16,01-09-2026,18:03,3
TKT02928,B401,R04,S03,S01,02-09-2026,19:28,2
TKT02929,B102,R01,S09,S10,03-09-2026,08:18,2
TKT02930,B302,R03,S21,S22,04-09-2026,16:59,2
TKT02931,B301,R03,S16,S20,05-09-2026,16:06,1
TKT02932,B502,R05,S02,S07,06-09-2026,08:49,2
TKT02933,B103,R01,S05,S07,07-09-2026,08:57,1
TKT02934,B202,R02,S17,S18,08-09-2026,19:10,1
TKT02935,B301,R03,S16,S15,09-09-2026,18:21,3
TKT02936,B402,R04,S03,S01,10-09-2026,12:01,1
TKT02937,B202,R02,S12,S02,11-09-2026,08:35,1
TKT02938,B501,R05,S30,S20,12-09-2026,19:41,3
TKT02939,B402,R04,S24,S05,13-09-2026,08:27,1
TKT02940,B403,R04,S06,S28,14-09-2026,18:10,5
TKT02941,B303,R03,S22,S23,01-09-2026,15:51,1
TKT02942,B301,R03,S20,S23,02-09-2026,18:22,2
TKT02943,B503,R05,S03,S07,03-09-2026,20:03,1
TKT02944,B102,R01,S07,S08,04-09-2026,09:52,4
TKT02945,B103,R01,S01,S02,05-09-2026,17:02,2
TKT02946,B202,R02,S11,S15,06-09-2026,17:51,1
TKT02947,B101,R01,S09,S10,07-09-2026,12:48,2
TKT02948,B502,R05,S31,S02,08-09-2026,07:50,3
TKT02949,B303,R03,S15,S06,09-09-2026,13:12,1
TKT02950,B203,R02,S13,S02,10-09-2026,13:20,2
TKT02951,B201,R02,S02,S14,11-09-2026,07:54,1
TKT02952,B303,R03,S20,S23,12-09-2026,17:55,3
TKT02953,B402,R04,S07,S28,13-09-2026,12:55,2
TKT02954,B102,R01,S09,S10,14-09-2026,09:23,1
TKT02955,B502,R05,S07,S20,01-09-2026,19:56,1
TKT02956,B103,R01,S08,S09,02-09-2026,09:46,2
TKT02957,B103,R01,S05,S07,03-09-2026,18:47,2
TKT02958,B203,R02,S17,S18,04-09-2026,09:34,2
TKT02959,B402,R04,S05,S03,05-09-2026,15:52,2
TKT02960,B402,R04,S07,S05,06-09-2026,18:47,1
TKT02961,B301,R03,S15,S22,07-09-2026,07:19,2
TKT02962,B403,R04,S26,S06,08-09-2026,08:04,2
TKT02963,B502,R05,S04,S07,09-09-2026,18:05,2
TKT02964,B301,R03,S06,S23,10-09-2026,18:22,1
TKT02965,B202,R02,S12,S02,11-09-2026,07:53,2
TKT02966,B301,R03,S07,S21,12-09-2026,06:13,2
TKT02967,B201,R02,S13,S18,13-09-2026,06:49,1
TKT02968,B502,R05,S04,S20,14-09-2026,08:19,3
TKT02969,B103,R01,S03,S07,01-09-2026,08:57,2
TKT02970,B301,R03,S21,S23,02-09-2026,07:47,4
TKT02971,B101,R01,S01,S04,03-09-2026,19:02,3
TKT02972,B402,R04,S05,S01,04-09-2026,09:01,2
TKT02973,B403,R04,S07,S01,05-09-2026,12:42,1
TKT02974,B303,R03,S22,S23,06-09-2026,12:39,3
TKT02975,B502,R05,S02,S03,07-09-2026,11:42,2
TKT02976,B103,R01,S07,S09,08-09-2026,16:46,2
TKT02977,B201,R02,S02,S18,09-09-2026,08:43,1
TKT02978,B102,R01,S02,S05,10-09-2026,17:12,3
TKT02979,B303,R03,S22,S23,11-09-2026,17:20,2
TKT02980,B303,R03,S22,S23,12-09-2026,14:06,2
TKT02981,B203,R02,S13,S16,13-09-2026,19:49,3
TKT02982,B103,R01,S05,S10,14-09-2026,07:37,2
TKT02983,B303,R03,S22,S23,01-09-2026,18:36,1
TKT02984,B101,R01,S07,S10,02-09-2026,17:07,1
TKT02985,B501,R05,S04,S07,03-09-2026,16:54,2
TKT02986,B102,R01,S08,S09,04-09-2026,07:39,2
TKT02987,B301,R03,S16,S19,05-09-2026,20:09,1
TKT02988,B201,R02,S02,S15,06-09-2026,18:07,2
TKT02989,B202,R02,S02,S16,07-09-2026,09:29,2
TKT02990,B202,R02,S17,S18,08-09-2026,19:09,4
TKT02991,B201,R02,S12,S13,09-09-2026,17:38,2
TKT02992,B403,R04,S24,S06,10-09-2026,16:19,1
TKT02993,B502,R05,S13,S07,11-09-2026,09:47,1
TKT02994,B501,R05,S07,S20,12-09-2026,15:41,1
TKT02995,B302,R03,S22,S23,13-09-2026,17:55,1
TKT02996,B203,R02,S11,S13,14-09-2026,19:59,1
TKT02997,B302,R03,S07,S22,01-09-2026,08:43,2
TKT02998,B202,R02,S14,S17,02-09-2026,07:07,4
TKT02999,B303,R03,S20,S22,03-09-2026,16:30,1
TKT03000,B503,R05,S29,S30,04-09-2026,19:40,2
TKT03001,B201,R02,S16,S17,05-09-2026,09:56,1
TKT03002,B102,R01,S05,S07,06-09-2026,17:52,1
TKT03003,B402,R04,S07,S06,07-09-2026,17:25,3
TKT03004,B402,R04,S24,S05,08-09-2026,09:51,3
TKT03005,B101,R01,S02,S04,09-09-2026,19:13,2
TKT03006,B502,R05,S13,S04,10-09-2026,15:55,2
TKT03007,B102,R01,S07,S10,11-09-2026,13:08,1
TKT03008,B103,R01,S08,S09,12-09-2026,18:45,1
TKT03009,B403,R04,S03,S01,13-09-2026,15:00,2
TKT03010,B203,R02,S16,S18,14-09-2026,18:59,3
TKT03011,B101,R01,S07,S09,01-09-2026,19:37,4
TKT03012,B103,R01,S07,S10,02-09-2026,08:42,2
TKT03013,B301,R03,S21,S22,03-09-2026,07:55,2
TKT03014,B201,R02,S13,S17,04-09-2026,16:20,1
TKT03015,B403,R04,S03,S28,05-09-2026,19:06,2
TKT03016,B403,R04,S06,S03,06-09-2026,17:31,2
TKT03017,B102,R01,S03,S09,07-09-2026,07:21,1
TKT03018,B203,R02,S16,S18,08-09-2026,07:19,3
TKT03019,B203,R02,S02,S14,09-09-2026,18:19,2
TKT03020,B101,R01,S06,S10,10-09-2026,17:00,2
TKT03021,B103,R01,S08,S10,11-09-2026,07:50,2
TKT03022,B401,R04,S07,S05,12-09-2026,12:25,1
TKT03023,B303,R03,S20,S21,13-09-2026,17:08,2
TKT03024,B503,R05,S02,S20,14-09-2026,17:07,4
TKT03025,B503,R05,S07,S20,01-09-2026,09:14,1
TKT03026,B203,R02,S02,S16,02-09-2026,07:52,3
TKT03027,B303,R03,S19,S07,03-09-2026,20:34,1
TKT03028,B203,R02,S16,S17,04-09-2026,10:49,2
TKT03029,B103,R01,S04,S06,05-09-2026,14:21,1
TKT03030,B501,R05,S02,S07,06-09-2026,18:23,4
TKT03031,B103,R01,S05,S07,07-09-2026,07:29,2
TKT03032,B402,R04,S25,S05,08-09-2026,19:51,2
TKT03033,B302,R03,S22,S23,09-09-2026,19:56,2
TKT03034,B102,R01,S08,S10,10-09-2026,17:25,1
TKT03035,B101,R01,S06,S08,11-09-2026,07:49,1
TKT03036,B403,R04,S05,S03,12-09-2026,09:48,2
TKT03037,B101,R01,S01,S08,13-09-2026,07:10,3
TKT03038,B402,R04,S05,S28,14-09-2026,09:14,5
TKT03039,B301,R03,S15,S06,01-09-2026,10:13,2
TKT03040,B103,R01,S03,S05,02-09-2026,11:50,3
TKT03041,B102,R01,S01,S05,03-09-2026,18:40,1
TKT03042,B302,R03,S16,S06,04-09-2026,20:40,1
TKT03043,B202,R02,S15,S16,05-09-2026,21:27,1
TKT03044,B402,R04,S06,S01,06-09-2026,12:45,3
TKT03045,B202,R02,S02,S14,07-09-2026,20:03,1
TKT03046,B502,R05,S03,S04,08-09-2026,09:47,5
TKT03047,B502,R05,S02,S03,09-09-2026,08:47,2
TKT03048,B101,R01,S09,S10,10-09-2026,07:15,4
TKT03049,B201,R02,S13,S16,11-09-2026,14:16,1
TKT03050,B302,R03,S15,S20,12-09-2026,16:19,2
TKT03051,B201,R02,S15,S16,13-09-2026,17:36,2
TKT03052,B502,R05,S03,S07,14-09-2026,18:58,4
TKT03053,B201,R02,S16,S18,01-09-2026,15:06,1
TKT03054,B103,R01,S05,S09,02-09-2026,12:18,1
TKT03055,B501,R05,S03,S07,03-09-2026,17:28,3
TKT03056,B103,R01,S09,S10,04-09-2026,07:49,2
TKT03057,B402,R04,S07,S06,05-09-2026,08:35,2
TKT03058,B402,R04,S26,S05,06-09-2026,15:18,2
TKT03059,B503,R05,S02,S07,07-09-2026,08:10,3
TKT03060,B202,R02,S17,S18,08-09-2026,19:16,2
TKT03061,B201,R02,S13,S17,09-09-2026,07:09,2
TKT03062,B301,R03,S20,S22,10-09-2026,08:00,2
TKT03063,B201,R02,S17,S18,11-09-2026,09:57,2
TKT03064,B301,R03,S07,S23,12-09-2026,15:40,2
TKT03065,B101,R01,S06,S07,13-09-2026,08:58,2
TKT03066,B303,R03,S15,S23,14-09-2026,09:47,2
TKT03067,B102,R01,S03,S06,01-09-2026,09:51,3
TKT03068,B302,R03,S19,S20,02-09-2026,14:30,3
TKT03069,B401,R04,S07,S06,03-09-2026,19:17,1
TKT03070,B302,R03,S15,S07,04-09-2026,09:43,1
TKT03071,B102,R01,S05,S06,05-09-2026,17:05,2
TKT03072,B501,R05,S31,S07,06-09-2026,16:47,2
TKT03073,B301,R03,S15,S07,07-09-2026,07:20,1
TKT03074,B101,R01,S05,S08,08-09-2026,08:46,1
TKT03075,B302,R03,S16,S07,09-09-2026,18:06,3
TKT03076,B402,R04,S05,S01,10-09-2026,14:08,1
TKT03077,B101,R01,S03,S07,11-09-2026,16:21,1
TKT03078,B302,R03,S20,S23,12-09-2026,17:41,3
TKT03079,B203,R02,S02,S15,13-09-2026,07:00,2
TKT03080,B101,R01,S05,S06,14-09-2026,17:20,2
TKT03081,B401,R04,S07,S03,01-09-2026,07:27,1
TKT03082,B101,R01,S03,S05,02-09-2026,07:02,1
TKT03083,B401,R04,S06,S05,03-09-2026,17:16,1
TKT03084,B503,R05,S30,S31,04-09-2026,09:11,4
TKT03085,B503,R05,S04,S07,05-09-2026,09:08,2
TKT03086,B301,R03,S22,S23,06-09-2026,14:32,1
TKT03087,B401,R04,S24,S05,07-09-2026,07:43,2
TKT03088,B503,R05,S13,S03,08-09-2026,07:12,3
TKT03089,B401,R04,S03,S01,09-09-2026,10:04,1
TKT03090,B303,R03,S22,S23,10-09-2026,17:41,3
TKT03091,B403,R04,S05,S03,11-09-2026,09:36,3
TKT03092,B103,R01,S08,S10,12-09-2026,13:40,2
TKT03093,B502,R05,S11,S03,13-09-2026,14:12,4
TKT03094,B202,R02,S17,S18,14-09-2026,18:46,3
TKT03095,B301,R03,S16,S15,01-09-2026,09:30,3
TKT03096,B203,R02,S13,S14,02-09-2026,18:29,2
TKT03097,B302,R03,S16,S07,03-09-2026,10:24,1
TKT03098,B101,R01,S09,S10,04-09-2026,16:43,2
TKT03099,B303,R03,S22,S23,05-09-2026,12:11,1
TKT03100,B103,R01,S03,S09,06-09-2026,17:32,2
TKT03101,B102,R01,S02,S04,07-09-2026,18:17,2
TKT03102,B503,R05,S13,S03,08-09-2026,09:09,2
TKT03103,B401,R04,S05,S03,09-09-2026,18:07,3
TKT03104,B103,R01,S09,S10,10-09-2026,18:06,2
TKT03105,B101,R01,S07,S09,11-09-2026,18:53,2
TKT03106,B102,R01,S08,S09,12-09-2026,15:57,2
TKT03107,B303,R03,S22,S23,13-09-2026,16:12,2
TKT03108,B103,R01,S06,S08,14-09-2026,07:27,3
TKT03109,B203,R02,S15,S18,01-09-2026,18:18,2
TKT03110,B503,R05,S07,S20,02-09-2026,09:27,1
TKT03111,B403,R04,S26,S03,03-09-2026,08:02,1
TKT03112,B302,R03,S16,S06,04-09-2026,11:05,1
TKT03113,B103,R01,S05,S06,05-09-2026,18:55,1
TKT03114,B203,R02,S16,S18,06-09-2026,09:46,2
TKT03115,B302,R03,S15,S19,07-09-2026,17:07,3
TKT03116,B501,R05,S07,S20,08-09-2026,11:45,2
TKT03117,B201,R02,S11,S16,09-09-2026,08:12,3
TKT03118,B403,R04,S28,S01,10-09-2026,17:51,2
TKT03119,B403,R04,S06,S01,11-09-2026,15:21,1
TKT03120,B102,R01,S05,S07,12-09-2026,15:03,1
TKT03121,B301,R03,S06,S20,13-09-2026,08:18,2
TKT03122,B101,R01,S01,S02,14-09-2026,07:35,2
TKT03123,B401,R04,S26,S07,01-09-2026,08:27,1
TKT03124,B203,R02,S16,S18,02-09-2026,14:20,1
TKT03125,B302,R03,S19,S06,03-09-2026,06:25,1
TKT03126,B401,R04,S25,S26,04-09-2026,08:24,1
TKT03127,B302,R03,S07,S20,05-09-2026,11:54,1
TKT03128,B202,R02,S02,S16,06-09-2026,19:49,3
TKT03129,B402,R04,S07,S01,07-09-2026,16:27,1
TKT03130,B103,R01,S08,S09,08-09-2026,08:06,1
TKT03131,B202,R02,S14,S15,09-09-2026,08:10,1
TKT03132,B502,R05,S13,S03,10-09-2026,18:56,2
TKT03133,B402,R04,S06,S05,11-09-2026,10:54,1
TKT03134,B101,R01,S01,S06,12-09-2026,07:32,1
TKT03135,B202,R02,S11,S15,13-09-2026,09:21,3
TKT03136,B103,R01,S05,S07,14-09-2026,19:18,5
TKT03137,B203,R02,S02,S18,01-09-2026,07:42,1
TKT03138,B102,R01,S08,S10,02-09-2026,12:45,2
TKT03139,B202,R02,S16,S17,03-09-2026,17:31,2
TKT03140,B102,R01,S04,S08,04-09-2026,09:53,3
TKT03141,B501,R05,S07,S20,05-09-2026,15:29,1
TKT03142,B101,R01,S08,S10,06-09-2026,09:32,5
TKT03143,B302,R03,S07,S22,07-09-2026,17:05,4
TKT03144,B103,R01,S01,S05,08-09-2026,08:10,1
TKT03145,B502,R05,S03,S07,09-09-2026,19:19,2
TKT03146,B303,R03,S22,S23,10-09-2026,09:16,2
TKT03147,B403,R04,S24,S06,11-09-2026,11:55,2
TKT03148,B403,R04,S26,S07,12-09-2026,11:39,2
TKT03149,B103,R01,S08,S09,13-09-2026,18:46,1
TKT03150,B402,R04,S05,S03,14-09-2026,12:43,1
TKT03151,B501,R05,S13,S02,01-09-2026,18:51,3
TKT03152,B402,R04,S26,S01,02-09-2026,09:48,3
TKT03153,B101,R01,S01,S08,03-09-2026,19:50,3
TKT03154,B302,R03,S07,S21,04-09-2026,18:01,3
TKT03155,B201,R02,S12,S02,05-09-2026,16:07,3
TKT03156,B202,R02,S02,S18,06-09-2026,08:05,4
TKT03157,B303,R03,S20,S22,07-09-2026,08:54,2
TKT03158,B503,R05,S11,S13,08-09-2026,09:06,3
TKT03159,B201,R02,S15,S16,09-09-2026,19:59,1
TKT03160,B403,R04,S24,S07,10-09-2026,19:13,3
TKT03161,B203,R02,S02,S18,11-09-2026,18:12,3
TKT03162,B303,R03,S22,S23,12-09-2026,16:14,1
TKT03163,B203,R02,S12,S02,13-09-2026,12:15,1
TKT03164,B102,R01,S03,S07,14-09-2026,19:29,3
TKT03165,B201,R02,S14,S16,01-09-2026,16:22,3
TKT03166,B402,R04,S07,S05,02-09-2026,20:02,1
TKT03167,B102,R01,S06,S10,03-09-2026,18:23,3
TKT03168,B101,R01,S02,S06,04-09-2026,09:23,1
TKT03169,B101,R01,S04,S05,05-09-2026,07:48,3
TKT03170,B502,R05,S11,S03,06-09-2026,09:34,2
TKT03171,B103,R01,S04,S08,07-09-2026,09:51,2
TKT03172,B203,R02,S15,S18,08-09-2026,09:36,2
TKT03173,B203,R02,S12,S02,09-09-2026,18:23,4
TKT03174,B502,R05,S07,S20,10-09-2026,19:29,2
TKT03175,B101,R01,S03,S10,11-09-2026,09:09,2
TKT03176,B203,R02,S13,S17,12-09-2026,19:31,2
TKT03177,B302,R03,S15,S23,13-09-2026,09:02,1
TKT03178,B301,R03,S19,S22,14-09-2026,17:02,3
TKT03179,B102,R01,S09,S10,01-09-2026,21:51,1
TKT03180,B201,R02,S13,S02,02-09-2026,08:06,2
TKT03181,B101,R01,S01,S02,03-09-2026,07:57,1
TKT03182,B203,R02,S16,S17,04-09-2026,07:57,2
TKT03183,B101,R01,S03,S05,05-09-2026,18:37,3
TKT03184,B302,R03,S15,S20,06-09-2026,10:01,1
TKT03185,B202,R02,S11,S15,07-09-2026,15:33,2
TKT03186,B202,R02,S17,S18,08-09-2026,17:52,2
TKT03187,B203,R02,S12,S02,09-09-2026,18:06,3
TKT03188,B202,R02,S15,S16,10-09-2026,16:05,2
TKT03189,B103,R01,S09,S10,11-09-2026,18:32,3
TKT03190,B402,R04,S06,S03,12-09-2026,18:31,1
TKT03191,B401,R04,S26,S01,13-09-2026,08:14,2
TKT03192,B503,R05,S31,S03,14-09-2026,09:08,2
TKT03193,B203,R02,S17,S18,01-09-2026,17:41,1
TKT03194,B403,R04,S24,S25,02-09-2026,12:00,1
TKT03195,B101,R01,S09,S10,03-09-2026,12:36,1
TKT03196,B201,R02,S11,S14,04-09-2026,18:06,2
TKT03197,B201,R02,S16,S17,05-09-2026,10:52,1
TKT03198,B201,R02,S12,S13,06-09-2026,07:43,3
TKT03199,B403,R04,S05,S03,07-09-2026,13:18,1
TKT03200,B301,R03,S19,S07,08-09-2026,07:12,2
TKT03201,B101,R01,S07,S10,09-09-2026,19:36,3
TKT03202,B201,R02,S16,S17,10-09-2026,17:49,1
TKT03203,B502,R05,S11,S31,11-09-2026,16:39,1
TKT03204,B201,R02,S11,S15,12-09-2026,17:37,3
TKT03205,B502,R05,S31,S13,13-09-2026,07:02,1
TKT03206,B202,R02,S17,S18,14-09-2026,07:49,2
TKT03207,B201,R02,S17,S18,01-09-2026,08:24,3
TKT03208,B102,R01,S03,S08,02-09-2026,19:57,2
TKT03209,B101,R01,S05,S08,03-09-2026,07:55,3
TKT03210,B101,R01,S03,S09,04-09-2026,09:01,1
TKT03211,B403,R04,S05,S28,05-09-2026,19:12,4
TKT03212,B102,R01,S01,S05,06-09-2026,17:35,1
TKT03213,B501,R05,S13,S03,07-09-2026,08:05,3
TKT03214,B201,R02,S13,S02,08-09-2026,10:18,4
TKT03215,B501,R05,S04,S20,09-09-2026,15:18,1
TKT03216,B503,R05,S11,S13,10-09-2026,08:09,2
TKT03217,B203,R02,S11,S02,11-09-2026,19:25,3
TKT03218,B103,R01,S03,S05,12-09-2026,19:06,4
TKT03219,B302,R03,S21,S22,13-09-2026,07:45,2
TKT03220,B402,R04,S06,S03,14-09-2026,19:15,2
TKT03221,B501,R05,S02,S03,01-09-2026,06:16,2
TKT03222,B303,R03,S21,S23,02-09-2026,18:10,1
TKT03223,B301,R03,S19,S06,03-09-2026,09:10,2
TKT03224,B202,R02,S15,S16,04-09-2026,17:01,2
TKT03225,B201,R02,S16,S17,05-09-2026,11:11,1
TKT03226,B502,R05,S03,S04,06-09-2026,08:57,1
TKT03227,B101,R01,S05,S07,07-09-2026,17:04,2
TKT03228,B503,R05,S02,S03,08-09-2026,07:56,3
TKT03229,B102,R01,S09,S10,09-09-2026,18:42,1
TKT03230,B302,R03,S16,S15,10-09-2026,14:21,2
TKT03231,B203,R02,S14,S16,11-09-2026,07:22,2
TKT03232,B101,R01,S03,S09,12-09-2026,17:11,2
TKT03233,B303,R03,S19,S22,13-09-2026,19:26,2
TKT03234,B103,R01,S06,S07,14-09-2026,18:54,2
TKT03235,B301,R03,S21,S23,01-09-2026,07:18,3
TKT03236,B501,R05,S03,S04,02-09-2026,17:22,2
TKT03237,B301,R03,S22,S23,03-09-2026,09:47,1
TKT03238,B101,R01,S05,S07,04-09-2026,09:32,4
TKT03239,B301,R03,S20,S21,05-09-2026,10:39,1
TKT03240,B302,R03,S16,S22,06-09-2026,07:12,3
TKT03241,B301,R03,S19,S22,07-09-2026,15:45,3
TKT03242,B101,R01,S02,S03,08-09-2026,09:45,2
TKT03243,B302,R03,S22,S23,09-09-2026,12:31,1
TKT03244,B203,R02,S13,S02,10-09-2026,15:15,1
TKT03245,B103,R01,S05,S06,11-09-2026,19:35,2
TKT03246,B501,R05,S13,S02,12-09-2026,17:03,2
TKT03247,B501,R05,S04,S07,13-09-2026,19:19,2
TKT03248,B302,R03,S15,S19,14-09-2026,21:54,2
TKT03249,B401,R04,S03,S01,01-09-2026,11:41,1
TKT03250,B103,R01,S04,S10,02-09-2026,21:55,1
TKT03251,B203,R02,S14,S18,03-09-2026,17:51,2
TKT03252,B203,R02,S13,S16,04-09-2026,07:18,3
TKT03253,B502,R05,S29,S30,05-09-2026,19:04,1
TKT03254,B101,R01,S02,S05,06-09-2026,18:11,3
TKT03255,B202,R02,S17,S18,07-09-2026,17:36,3
TKT03256,B501,R05,S31,S02,08-09-2026,19:37,2
TKT03257,B201,R02,S16,S17,09-09-2026,07:14,2
TKT03258,B102,R01,S06,S07,10-09-2026,07:52,4
TKT03259,B201,R02,S11,S14,11-09-2026,07:38,1
TKT03260,B101,R01,S06,S09,12-09-2026,16:03,1
TKT03261,B302,R03,S20,S23,13-09-2026,12:38,2
TKT03262,B103,R01,S02,S05,14-09-2026,15:39,1
TKT03263,B101,R01,S04,S05,01-09-2026,08:36,2
TKT03264,B501,R05,S07,S20,02-09-2026,09:24,2
TKT03265,B403,R04,S26,S07,03-09-2026,07:34,4
TKT03266,B202,R02,S16,S18,04-09-2026,18:51,2
TKT03267,B101,R01,S07,S09,05-09-2026,17:50,1
TKT03268,B202,R02,S13,S16,06-09-2026,07:21,3
TKT03269,B202,R02,S15,S16,07-09-2026,17:46,3
TKT03270,B203,R02,S14,S15,08-09-2026,09:34,2
TKT03271,B501,R05,S29,S07,09-09-2026,08:31,1
TKT03272,B102,R01,S09,S10,10-09-2026,19:00,1
TKT03273,B303,R03,S16,S15,11-09-2026,09:40,1
TKT03274,B302,R03,S15,S19,12-09-2026,18:23,4
TKT03275,B403,R04,S05,S03,13-09-2026,09:51,1
TKT03276,B301,R03,S15,S07,14-09-2026,07:50,3
TKT03277,B202,R02,S16,S18,01-09-2026,08:39,1
TKT03278,B101,R01,S02,S07,02-09-2026,07:21,3
TKT03279,B301,R03,S20,S23,03-09-2026,09:54,2
TKT03280,B203,R02,S17,S18,04-09-2026,07:42,1
TKT03281,B501,R05,S31,S13,05-09-2026,11:04,1
TKT03282,B102,R01,S08,S09,06-09-2026,08:56,1
TKT03283,B302,R03,S07,S22,07-09-2026,10:00,1
TKT03284,B403,R04,S28,S01,08-09-2026,15:55,2
TKT03285,B403,R04,S05,S01,09-09-2026,19:26,3
TKT03286,B303,R03,S19,S20,10-09-2026,18:38,3
TKT03287,B302,R03,S15,S20,11-09-2026,09:45,4
TKT03288,B102,R01,S03,S04,12-09-2026,17:53,3
TKT03289,B501,R05,S03,S04,13-09-2026,18:40,1
TKT03290,B102,R01,S05,S08,14-09-2026,14:33,1
TKT03291,B201,R02,S15,S18,01-09-2026,07:40,2
TKT03292,B503,R05,S03,S04,02-09-2026,09:29,1
TKT03293,B302,R03,S07,S23,03-09-2026,12:31,2
TKT03294,B402,R04,S24,S25,04-09-2026,12:46,2
TKT03295,B102,R01,S02,S03,05-09-2026,09:19,1
TKT03296,B501,R05,S13,S02,06-09-2026,15:51,2
TKT03297,B303,R03,S20,S23,07-09-2026,16:14,1
TKT03298,B203,R02,S16,S17,08-09-2026,13:44,1
TKT03299,B203,R02,S17,S18,09-09-2026,15:17,2
TKT03300,B203,R02,S12,S17,10-09-2026,19:01,2
TKT03301,B101,R01,S08,S10,11-09-2026,08:58,2
TKT03302,B101,R01,S03,S05,12-09-2026,19:33,2
TKT03303,B503,R05,S07,S20,13-09-2026,20:45,1
TKT03304,B303,R03,S07,S23,14-09-2026,18:53,2
TKT03305,B102,R01,S01,S10,01-09-2026,17:07,1
TKT03306,B302,R03,S07,S20,02-09-2026,11:27,2
TKT03307,B503,R05,S13,S07,03-09-2026,09:39,1
TKT03308,B403,R04,S07,S06,04-09-2026,19:43,4
TKT03309,B501,R05,S31,S07,05-09-2026,19:11,3
TKT03310,B101,R01,S03,S05,06-09-2026,15:35,2
TKT03311,B102,R01,S08,S09,07-09-2026,10:17,1
TKT03312,B101,R01,S03,S05,08-09-2026,08:02,2
TKT03313,B303,R03,S22,S23,09-09-2026,13:58,1
TKT03314,B201,R02,S11,S12,10-09-2026,07:18,2
TKT03315,B302,R03,S21,S22,11-09-2026,20:49,2
TKT03316,B201,R02,S17,S18,12-09-2026,16:24,1
TKT03317,B503,R05,S29,S31,13-09-2026,08:00,3
TKT03318,B402,R04,S24,S26,14-09-2026,18:40,1
TKT03319,B303,R03,S19,S07,01-09-2026,11:06,1
TKT03320,B203,R02,S17,S18,02-09-2026,18:06,5
TKT03321,B503,R05,S13,S04,03-09-2026,08:03,3
TKT03322,B301,R03,S15,S19,04-09-2026,07:31,1
TKT03323,B201,R02,S11,S13,05-09-2026,08:30,2
TKT03324,B101,R01,S02,S05,06-09-2026,17:02,4
TKT03325,B201,R02,S16,S18,07-09-2026,16:01,1
TKT03326,B403,R04,S05,S01,08-09-2026,11:50,2
TKT03327,B101,R01,S03,S06,09-09-2026,08:13,2
TKT03328,B303,R03,S21,S23,10-09-2026,07:54,4
TKT03329,B301,R03,S15,S22,11-09-2026,17:16,4
TKT03330,B301,R03,S22,S23,12-09-2026,18:13,2
TKT03331,B301,R03,S15,S06,13-09-2026,09:00,3
TKT03332,B203,R02,S13,S17,14-09-2026,17:14,1
TKT03333,B302,R03,S06,S23,01-09-2026,14:20,1
TKT03334,B302,R03,S07,S21,02-09-2026,17:20,2
TKT03335,B303,R03,S19,S21,03-09-2026,19:27,3
TKT03336,B402,R04,S05,S03,04-09-2026,18:11,2
TKT03337,B102,R01,S09,S10,05-09-2026,19:39,4
TKT03338,B502,R05,S11,S31,06-09-2026,08:10,3
TKT03339,B103,R01,S07,S09,07-09-2026,16:56,1
TKT03340,B101,R01,S05,S07,08-09-2026,18:24,1
TKT03341,B403,R04,S28,S01,09-09-2026,18:49,4
TKT03342,B202,R02,S13,S17,10-09-2026,13:46,1
TKT03343,B302,R03,S20,S23,11-09-2026,17:02,3
TKT03344,B202,R02,S15,S17,12-09-2026,18:18,3
TKT03345,B403,R04,S24,S06,13-09-2026,09:58,1
TKT03346,B102,R01,S09,S10,14-09-2026,07:27,2
TKT03347,B502,R05,S30,S13,01-09-2026,07:32,1
TKT03348,B201,R02,S17,S18,02-09-2026,07:36,1
TKT03349,B303,R03,S15,S07,03-09-2026,18:35,4
TKT03350,B303,R03,S22,S23,04-09-2026,09:37,2
TKT03351,B102,R01,S07,S08,05-09-2026,11:49,1
TKT03352,B401,R04,S24,S05,06-09-2026,20:25,1
TKT03353,B301,R03,S07,S23,07-09-2026,19:58,2
TKT03354,B102,R01,S08,S10,08-09-2026,14:20,3
TKT03355,B103,R01,S05,S08,09-09-2026,14:28,1
TKT03356,B201,R02,S13,S16,10-09-2026,09:58,2
TKT03357,B402,R04,S03,S28,11-09-2026,17:52,3
TKT03358,B203,R02,S16,S17,12-09-2026,13:51,1
TKT03359,B202,R02,S17,S18,13-09-2026,12:34,1
TKT03360,B102,R01,S05,S08,14-09-2026,17:51,2
TKT03361,B401,R04,S03,S01,01-09-2026,13:42,1
TKT03362,B502,R05,S30,S13,02-09-2026,18:12,2
TKT03363,B102,R01,S03,S06,03-09-2026,16:40,2
TKT03364,B502,R05,S03,S07,04-09-2026,09:18,3
TKT03365,B102,R01,S07,S09,05-09-2026,07:23,1
TKT03366,B201,R02,S11,S12,06-09-2026,17:12,2
TKT03367,B203,R02,S14,S16,07-09-2026,14:26,4
TKT03368,B402,R04,S06,S03,08-09-2026,11:47,2
TKT03369,B303,R03,S22,S23,09-09-2026,19:00,1
TKT03370,B302,R03,S16,S15,10-09-2026,08:26,1
TKT03371,B301,R03,S15,S07,11-09-2026,19:50,2
TKT03372,B103,R01,S02,S03,12-09-2026,16:11,1
TKT03373,B503,R05,S11,S02,13-09-2026,12:43,1
TKT03374,B102,R01,S07,S10,14-09-2026,17:22,3
TKT03375,B402,R04,S06,S03,01-09-2026,11:35,1
TKT03376,B103,R01,S05,S07,02-09-2026,15:33,2
TKT03377,B401,R04,S25,S05,03-09-2026,08:35,2
TKT03378,B203,R02,S13,S17,04-09-2026,19:33,4
TKT03379,B203,R02,S02,S15,05-09-2026,20:24,1
TKT03380,B501,R05,S07,S20,06-09-2026,17:37,5
TKT03381,B302,R03,S06,S20,07-09-2026,07:31,3
TKT03382,B101,R01,S07,S08,08-09-2026,12:15,1
TKT03383,B401,R04,S25,S05,09-09-2026,19:37,2
TKT03384,B102,R01,S06,S10,10-09-2026,19:49,1
TKT03385,B302,R03,S22,S23,11-09-2026,08:18,2
TKT03386,B303,R03,S15,S06,12-09-2026,19:36,1
TKT03387,B501,R05,S02,S03,13-09-2026,15:15,1
TKT03388,B201,R02,S11,S13,14-09-2026,12:30,1
TKT03389,B502,R05,S02,S04,01-09-2026,21:08,1
TKT03390,B502,R05,S02,S03,02-09-2026,18:03,1
TKT03391,B101,R01,S08,S09,03-09-2026,20:54,1
TKT03392,B401,R04,S28,S01,04-09-2026,09:52,5
TKT03393,B201,R02,S13,S16,05-09-2026,18:07,2
TKT03394,B503,R05,S30,S03,06-09-2026,06:28,2
TKT03395,B501,R05,S11,S04,07-09-2026,07:56,3
TKT03396,B303,R03,S06,S21,08-09-2026,09:36,3
TKT03397,B101,R01,S02,S08,09-09-2026,15:26,5
TKT03398,B101,R01,S02,S05,10-09-2026,18:40,2
TKT03399,B101,R01,S07,S10,11-09-2026,07:55,1
TKT03400,B503,R05,S07,S20,12-09-2026,17:44,2
TKT03401,B201,R02,S13,S15,13-09-2026,10:24,1
TKT03402,B403,R04,S06,S01,14-09-2026,08:22,2
TKT03403,B401,R04,S28,S01,01-09-2026,07:26,3
TKT03404,B203,R02,S13,S16,02-09-2026,06:30,1
TKT03405,B201,R02,S14,S17,03-09-2026,07:58,2
TKT03406,B402,R04,S07,S03,04-09-2026,19:56,2
TKT03407,B401,R04,S28,S01,05-09-2026,15:56,3
TKT03408,B401,R04,S03,S28,06-09-2026,18:23,2
TKT03409,B302,R03,S15,S20,07-09-2026,14:31,1
TKT03410,B102,R01,S01,S03,08-09-2026,18:35,1
TKT03411,B502,R05,S13,S20,09-09-2026,18:20,2
TKT03412,B202,R02,S02,S16,10-09-2026,09:29,3
TKT03413,B303,R03,S06,S20,11-09-2026,17:25,1
TKT03414,B302,R03,S22,S23,12-09-2026,11:04,1
TKT03415,B203,R02,S17,S18,13-09-2026,09:15,1
TKT03416,B202,R02,S02,S18,14-09-2026,09:01,4
TKT03417,B301,R03,S15,S07,01-09-2026,09:07,5
TKT03418,B103,R01,S09,S10,02-09-2026,07:18,2
TKT03419,B301,R03,S20,S23,03-09-2026,08:36,3
TKT03420,B302,R03,S20,S21,04-09-2026,18:26,3
TKT03421,B101,R01,S09,S10,05-09-2026,08:41,4
TKT03422,B402,R04,S25,S26,06-09-2026,19:18,2
TKT03423,B301,R03,S21,S23,07-09-2026,11:12,1
TKT03424,B403,R04,S24,S25,08-09-2026,14:48,2
TKT03425,B201,R02,S16,S17,09-09-2026,09:01,1
TKT03426,B302,R03,S21,S23,10-09-2026,16:20,1
TKT03427,B502,R05,S31,S02,11-09-2026,13:33,1
TKT03428,B503,R05,S11,S13,12-09-2026,20:39,1
TKT03429,B503,R05,S03,S20,13-09-2026,18:20,5
TKT03430,B103,R01,S02,S05,14-09-2026,18:18,3
TKT03431,B401,R04,S25,S07,01-09-2026,10:03,1
TKT03432,B201,R02,S16,S18,02-09-2026,18:28,2
TKT03433,B301,R03,S06,S22,03-09-2026,16:49,1
TKT03434,B103,R01,S01,S08,04-09-2026,08:57,2
TKT03435,B401,R04,S26,S03,05-09-2026,15:40,1
TKT03436,B302,R03,S19,S06,06-09-2026,18:03,3
TKT03437,B503,R05,S02,S04,07-09-2026,12:23,1
TKT03438,B202,R02,S15,S16,08-09-2026,17:20,3
TKT03439,B102,R01,S02,S04,09-09-2026,17:02,2
TKT03440,B302,R03,S22,S23,10-09-2026,18:08,1
TKT03441,B501,R05,S02,S07,11-09-2026,16:57,2
TKT03442,B401,R04,S06,S03,12-09-2026,07:02,2
TKT03443,B301,R03,S16,S22,13-09-2026,11:31,1
TKT03444,B101,R01,S05,S06,14-09-2026,07:29,2
TKT03445,B403,R04,S05,S03,01-09-2026,15:34,1
TKT03446,B202,R02,S15,S16,02-09-2026,08:02,2
TKT03447,B102,R01,S04,S10,03-09-2026,16:55,1
TKT03448,B203,R02,S15,S16,04-09-2026,12:23,2
TKT03449,B302,R03,S15,S07,05-09-2026,09:38,1
TKT03450,B203,R02,S17,S18,06-09-2026,12:30,1
TKT03451,B203,R02,S13,S17,07-09-2026,08:28,1
TKT03452,B401,R04,S28,S01,08-09-2026,09:37,5
TKT03453,B203,R02,S14,S16,09-09-2026,16:40,1
TKT03454,B402,R04,S28,S01,10-09-2026,19:18,3
TKT03455,B103,R01,S08,S09,11-09-2026,10:45,1
TKT03456,B201,R02,S16,S17,12-09-2026,15:25,2
TKT03457,B401,R04,S03,S28,13-09-2026,09:06,3
TKT03458,B101,R01,S08,S09,14-09-2026,09:52,1
TKT03459,B501,R05,S31,S13,01-09-2026,14:26,2
TKT03460,B203,R02,S16,S18,02-09-2026,18:53,3
TKT03461,B202,R02,S16,S18,03-09-2026,09:35,2
TKT03462,B503,R05,S03,S07,04-09-2026,08:55,2
TKT03463,B501,R05,S30,S20,05-09-2026,14:39,3
TKT03464,B103,R01,S09,S10,06-09-2026,07:28,3
TKT03465,B503,R05,S31,S02,07-09-2026,11:22,1
TKT03466,B301,R03,S16,S23,08-09-2026,10:52,1
TKT03467,B401,R04,S03,S28,09-09-2026,09:41,2
TKT03468,B402,R04,S07,S06,10-09-2026,14:38,1
TKT03469,B502,R05,S13,S04,11-09-2026,10:17,2
TKT03470,B503,R05,S07,S20,12-09-2026,08:46,1
TKT03471,B302,R03,S06,S22,13-09-2026,15:58,2
TKT03472,B101,R01,S06,S07,14-09-2026,08:14,3
TKT03473,B101,R01,S04,S10,01-09-2026,10:01,1
TKT03474,B401,R04,S06,S28,02-09-2026,08:28,3
TKT03475,B402,R04,S28,S01,03-09-2026,07:04,2
TKT03476,B202,R02,S16,S18,04-09-2026,12:54,4
TKT03477,B503,R05,S30,S20,05-09-2026,08:35,2
TKT03478,B201,R02,S12,S02,06-09-2026,09:50,3
TKT03479,B203,R02,S17,S18,07-09-2026,18:25,2
TKT03480,B402,R04,S06,S03,08-09-2026,08:44,2
TKT03481,B303,R03,S22,S23,09-09-2026,17:44,1
TKT03482,B303,R03,S22,S23,10-09-2026,08:27,1
TKT03483,B102,R01,S05,S07,11-09-2026,17:39,4
TKT03484,B301,R03,S19,S22,12-09-2026,10:35,5
TKT03485,B103,R01,S03,S05,13-09-2026,21:31,3
TKT03486,B102,R01,S06,S08,14-09-2026,12:23,1
TKT03487,B302,R03,S06,S23,01-09-2026,07:16,3
TKT03488,B301,R03,S20,S23,02-09-2026,09:20,3
TKT03489,B202,R02,S11,S13,03-09-2026,07:20,3
TKT03490,B402,R04,S06,S01,04-09-2026,08:33,4
TKT03491,B202,R02,S16,S18,05-09-2026,08:52,3
TKT03492,B202,R02,S16,S17,06-09-2026,07:33,2
TKT03493,B102,R01,S03,S05,07-09-2026,18:53,1
TKT03494,B302,R03,S20,S22,08-09-2026,07:45,4
TKT03495,B203,R02,S02,S18,09-09-2026,19:08,4
TKT03496,B303,R03,S07,S21,10-09-2026,17:33,4
TKT03497,B203,R02,S11,S13,11-09-2026,19:10,1
TKT03498,B403,R04,S05,S03,12-09-2026,17:54,3
TKT03499,B302,R03,S15,S06,13-09-2026,07:10,4
TKT03500,B403,R04,S25,S28,14-09-2026,10:09,1
TKT03501,B203,R02,S11,S13,01-09-2026,09:41,3
TKT03502,B101,R01,S06,S07,02-09-2026,09:32,2
TKT03503,B302,R03,S07,S20,03-09-2026,18:38,1
TKT03504,B103,R01,S03,S07,04-09-2026,08:02,1
TKT03505,B301,R03,S20,S22,05-09-2026,17:33,3
TKT03506,B302,R03,S06,S07,06-09-2026,10:04,1
TKT03507,B401,R04,S07,S05,07-09-2026,18:01,3
TKT03508,B101,R01,S08,S10,08-09-2026,10:06,1
TKT03509,B501,R05,S29,S31,09-09-2026,08:21,3
TKT03510,B102,R01,S03,S07,10-09-2026,10:59,1
TKT03511,B403,R04,S26,S07,11-09-2026,12:40,2
TKT03512,B203,R02,S11,S02,12-09-2026,17:33,2
TKT03513,B201,R02,S14,S17,13-09-2026,17:51,1
TKT03514,B103,R01,S09,S10,14-09-2026,07:34,2
TKT03515,B203,R02,S17,S18,01-09-2026,19:42,2
TKT03516,B303,R03,S16,S15,02-09-2026,09:16,1
TKT03517,B102,R01,S08,S09,03-09-2026,07:58,2
TKT03518,B502,R05,S11,S02,04-09-2026,18:11,1
TKT03519,B201,R02,S13,S17,05-09-2026,18:44,5
TKT03520,B302,R03,S21,S22,06-09-2026,15:06,1
TKT03521,B401,R04,S03,S01,07-09-2026,09:34,1
TKT03522,B403,R04,S26,S07,08-09-2026,12:06,2
TKT03523,B401,R04,S05,S03,09-09-2026,10:43,1
TKT03524,B301,R03,S07,S21,10-09-2026,18:19,2
TKT03525,B202,R02,S12,S13,11-09-2026,20:05,2
TKT03526,B401,R04,S07,S03,12-09-2026,10:40,1
TKT03527,B101,R01,S03,S06,13-09-2026,17:05,3
TKT03528,B103,R01,S02,S04,14-09-2026,17:30,1
TKT03529,B101,R01,S01,S02,01-09-2026,09:43,4
TKT03530,B301,R03,S06,S07,02-09-2026,19:36,1
TKT03531,B102,R01,S01,S02,03-09-2026,19:14,2
TKT03532,B101,R01,S01,S02,04-09-2026,18:58,3
TKT03533,B103,R01,S07,S08,05-09-2026,17:28,2
TKT03534,B501,R05,S13,S20,06-09-2026,14:26,1
TKT03535,B301,R03,S07,S20,07-09-2026,11:29,1
TKT03536,B301,R03,S07,S23,08-09-2026,21:24,1
TKT03537,B203,R02,S11,S17,09-09-2026,19:50,1
TKT03538,B101,R01,S01,S02,10-09-2026,15:25,1
TKT03539,B203,R02,S11,S12,11-09-2026,09:35,2
TKT03540,B102,R01,S08,S09,12-09-2026,15:54,1
TKT03541,B303,R03,S15,S06,13-09-2026,08:13,3
TKT03542,B301,R03,S16,S22,14-09-2026,09:19,1
TKT03543,B302,R03,S20,S21,01-09-2026,19:05,3
TKT03544,B301,R03,S07,S23,02-09-2026,17:29,2
TKT03545,B401,R04,S26,S05,03-09-2026,07:59,1
TKT03546,B103,R01,S07,S08,04-09-2026,19:47,2
TKT03547,B102,R01,S01,S09,05-09-2026,12:43,1
TKT03548,B201,R02,S11,S12,06-09-2026,13:23,2
TKT03549,B202,R02,S02,S15,07-09-2026,15:49,2
TKT03550,B402,R04,S07,S03,08-09-2026,10:18,2
TKT03551,B101,R01,S01,S02,09-09-2026,09:05,2
TKT03552,B401,R04,S07,S28,10-09-2026,08:17,2
TKT03553,B301,R03,S16,S07,11-09-2026,19:26,3
TKT03554,B102,R01,S02,S08,12-09-2026,10:40,3
TKT03555,B101,R01,S05,S08,13-09-2026,17:46,2
TKT03556,B503,R05,S04,S07,14-09-2026,21:16,1
TKT03557,B202,R02,S14,S16,01-09-2026,09:55,3
TKT03558,B101,R01,S04,S10,02-09-2026,07:29,3
TKT03559,B502,R05,S31,S04,03-09-2026,11:35,1
TKT03560,B101,R01,S07,S08,04-09-2026,14:40,1
TKT03561,B103,R01,S02,S04,05-09-2026,18:23,1
TKT03562,B201,R02,S11,S13,06-09-2026,07:47,1
TKT03563,B101,R01,S02,S05,07-09-2026,20:04,1
TKT03564,B301,R03,S20,S22,08-09-2026,09:48,2
TKT03565,B403,R04,S05,S28,09-09-2026,16:15,2
TKT03566,B403,R04,S26,S05,10-09-2026,16:17,1
TKT03567,B202,R02,S11,S12,11-09-2026,09:45,2
TKT03568,B402,R04,S26,S06,12-09-2026,19:43,3
TKT03569,B302,R03,S16,S07,13-09-2026,18:28,5
TKT03570,B503,R05,S31,S20,14-09-2026,08:18,2
TKT03571,B103,R01,S02,S03,01-09-2026,07:22,3
TKT03572,B402,R04,S07,S05,02-09-2026,08:20,2
TKT03573,B401,R04,S26,S07,03-09-2026,13:41,1
TKT03574,B102,R01,S07,S09,04-09-2026,19:43,2
TKT03575,B402,R04,S24,S07,05-09-2026,16:32,1
TKT03576,B102,R01,S08,S09,06-09-2026,19:01,1
TKT03577,B201,R02,S14,S16,07-09-2026,06:44,1
TKT03578,B302,R03,S06,S07,08-09-2026,08:57,1
TKT03579,B102,R01,S03,S06,09-09-2026,18:12,3
TKT03580,B501,R05,S13,S07,10-09-2026,07:11,1
TKT03581,B101,R01,S05,S08,11-09-2026,09:04,3
TKT03582,B103,R01,S08,S10,12-09-2026,07:01,3
TKT03583,B103,R01,S06,S07,13-09-2026,08:22,2
TKT03584,B202,R02,S16,S17,14-09-2026,17:10,1
TKT03585,B202,R02,S12,S02,01-09-2026,08:07,3
TKT03586,B202,R02,S15,S17,02-09-2026,19:57,2
TKT03587,B102,R01,S06,S10,03-09-2026,09:07,1
TKT03588,B501,R05,S03,S04,04-09-2026,16:20,1
TKT03589,B103,R01,S01,S05,05-09-2026,19:54,2
TKT03590,B301,R03,S16,S07,06-09-2026,08:03,3
TKT03591,B401,R04,S07,S05,07-09-2026,07:17,2
TKT03592,B103,R01,S03,S07,08-09-2026,14:53,1
TKT03593,B501,R05,S11,S03,09-09-2026,07:45,2
TKT03594,B502,R05,S03,S20,10-09-2026,07:33,2
TKT03595,B101,R01,S03,S04,11-09-2026,08:52,3
TKT03596,B301,R03,S06,S20,12-09-2026,21:22,1
TKT03597,B402,R04,S26,S07,13-09-2026,19:33,2
TKT03598,B501,R05,S02,S07,14-09-2026,14:39,3
TKT03599,B101,R01,S05,S06,01-09-2026,13:10,2
TKT03600,B303,R03,S19,S06,02-09-2026,19:16,3
TKT03601,B303,R03,S20,S22,03-09-2026,18:35,2
TKT03602,B401,R04,S25,S06,04-09-2026,16:26,1
TKT03603,B202,R02,S11,S14,05-09-2026,15:06,1
TKT03604,B402,R04,S03,S01,06-09-2026,17:29,3
TKT03605,B203,R02,S17,S18,07-09-2026,18:03,2
TKT03606,B101,R01,S04,S05,08-09-2026,09:57,2
TKT03607,B202,R02,S13,S16,09-09-2026,11:06,1
TKT03608,B303,R03,S20,S23,10-09-2026,19:03,3
TKT03609,B402,R04,S03,S28,11-09-2026,18:18,3
TKT03610,B103,R01,S07,S09,12-09-2026,17:56,2
TKT03611,B402,R04,S05,S03,13-09-2026,13:47,1
TKT03612,B102,R01,S08,S10,14-09-2026,13:28,2
TKT03613,B101,R01,S06,S08,01-09-2026,17:04,2
TKT03614,B301,R03,S20,S22,02-09-2026,08:05,2
TKT03615,B301,R03,S16,S20,03-09-2026,16:11,1
TKT03616,B202,R02,S16,S17,04-09-2026,08:37,3
TKT03617,B302,R03,S16,S19,05-09-2026,08:17,2
TKT03618,B303,R03,S15,S21,06-09-2026,09:45,2
TKT03619,B401,R04,S07,S05,07-09-2026,08:19,3
TKT03620,B101,R01,S02,S04,08-09-2026,19:46,3
TKT03621,B402,R04,S28,S01,09-09-2026,11:54,3
TKT03622,B301,R03,S07,S21,10-09-2026,09:10,1
TKT03623,B201,R02,S16,S17,11-09-2026,17:10,2
TKT03624,B502,R05,S07,S20,12-09-2026,07:44,1
TKT03625,B301,R03,S22,S23,13-09-2026,08:21,3
TKT03626,B501,R05,S07,S20,14-09-2026,09:39,1
TKT03627,B202,R02,S12,S13,01-09-2026,16:04,1
TKT03628,B201,R02,S12,S16,02-09-2026,14:13,2
TKT03629,B102,R01,S02,S05,03-09-2026,11:07,2
TKT03630,B402,R04,S07,S05,04-09-2026,08:40,3
TKT03631,B103,R01,S07,S10,05-09-2026,09:30,2
TKT03632,B402,R04,S05,S01,06-09-2026,16:53,1
TKT03633,B503,R05,S02,S03,07-09-2026,20:44,2
TKT03634,B502,R05,S02,S07,08-09-2026,07:59,2
TKT03635,B101,R01,S09,S10,09-09-2026,10:34,3
TKT03636,B201,R02,S14,S17,10-09-2026,14:32,1
TKT03637,B103,R01,S04,S05,11-09-2026,16:42,1
TKT03638,B102,R01,S03,S10,12-09-2026,09:38,2
TKT03639,B201,R02,S02,S17,13-09-2026,10:47,2
TKT03640,B401,R04,S06,S05,14-09-2026,08:18,4
TKT03641,B103,R01,S07,S08,01-09-2026,07:57,3
TKT03642,B101,R01,S05,S07,02-09-2026,09:21,3
TKT03643,B301,R03,S07,S21,03-09-2026,07:52,3
TKT03644,B401,R04,S03,S01,04-09-2026,17:20,2
TKT03645,B201,R02,S16,S17,05-09-2026,16:56,1
TKT03646,B102,R01,S09,S10,06-09-2026,19:52,2
TKT03647,B502,R05,S13,S07,07-09-2026,17:38,2
TKT03648,B102,R01,S08,S09,08-09-2026,17:48,2
TKT03649,B101,R01,S08,S09,09-09-2026,17:09,2
TKT03650,B103,R01,S02,S03,10-09-2026,14:41,1
TKT03651,B101,R01,S08,S09,11-09-2026,17:47,1
TKT03652,B302,R03,S21,S23,12-09-2026,09:08,1
TKT03653,B102,R01,S07,S08,13-09-2026,07:46,3
TKT03654,B102,R01,S07,S09,14-09-2026,18:18,2
TKT03655,B303,R03,S21,S22,01-09-2026,13:33,3
TKT03656,B302,R03,S16,S20,02-09-2026,17:15,1
TKT03657,B102,R01,S06,S10,03-09-2026,19:22,2
TKT03658,B101,R01,S09,S10,04-09-2026,09:33,2
TKT03659,B103,R01,S03,S04,05-09-2026,17:07,2
TKT03660,B502,R05,S11,S13,06-09-2026,18:01,2
TKT03661,B301,R03,S22,S23,07-09-2026,19:09,2
TKT03662,B102,R01,S05,S07,08-09-2026,19:42,2
TKT03663,B103,R01,S08,S09,09-09-2026,20:26,2
TKT03664,B502,R05,S31,S02,10-09-2026,08:12,1
TKT03665,B103,R01,S09,S10,11-09-2026,19:45,2
TKT03666,B303,R03,S15,S23,12-09-2026,17:30,1
TKT03667,B401,R04,S05,S03,13-09-2026,07:36,2
TKT03668,B102,R01,S04,S06,14-09-2026,17:43,4
TKT03669,B203,R02,S15,S17,01-09-2026,13:38,3
TKT03670,B402,R04,S24,S01,02-09-2026,18:56,1
TKT03671,B202,R02,S11,S15,03-09-2026,19:26,1
TKT03672,B101,R01,S03,S05,04-09-2026,19:16,2
TKT03673,B401,R04,S25,S07,05-09-2026,17:38,3
TKT03674,B102,R01,S09,S10,06-09-2026,07:44,2
TKT03675,B302,R03,S16,S06,07-09-2026,17:11,3
TKT03676,B302,R03,S06,S07,08-09-2026,08:27,1
TKT03677,B503,R05,S30,S31,09-09-2026,12:08,1
TKT03678,B302,R03,S16,S20,10-09-2026,08:39,3
TKT03679,B302,R03,S22,S23,11-09-2026,19:28,2
TKT03680,B303,R03,S22,S23,12-09-2026,17:38,4
TKT03681,B301,R03,S19,S23,13-09-2026,09:03,1
TKT03682,B103,R01,S02,S06,14-09-2026,08:49,4
TKT03683,B402,R04,S26,S07,01-09-2026,19:09,3
TKT03684,B203,R02,S17,S18,02-09-2026,09:50,1
TKT03685,B502,R05,S04,S07,03-09-2026,19:47,2
TKT03686,B101,R01,S09,S10,04-09-2026,19:35,4
TKT03687,B101,R01,S06,S09,05-09-2026,07:10,3
TKT03688,B303,R03,S20,S22,06-09-2026,19:55,3
TKT03689,B203,R02,S17,S18,07-09-2026,19:40,3
TKT03690,B402,R04,S06,S03,08-09-2026,15:04,2
TKT03691,B102,R01,S06,S10,09-09-2026,17:13,3
TKT03692,B501,R05,S03,S07,10-09-2026,19:44,2
TKT03693,B301,R03,S21,S23,11-09-2026,09:19,2
TKT03694,B501,R05,S02,S07,12-09-2026,07:42,1
TKT03695,B101,R01,S06,S08,13-09-2026,08:39,2
TKT03696,B103,R01,S08,S09,14-09-2026,07:45,3
TKT03697,B303,R03,S15,S23,01-09-2026,09:02,1
TKT03698,B203,R02,S17,S18,02-09-2026,15:13,2
TKT03699,B202,R02,S12,S16,03-09-2026,19:30,1
TKT03700,B103,R01,S03,S09,04-09-2026,06:44,3
TKT03701,B402,R04,S24,S07,05-09-2026,07:45,1
TKT03702,B403,R04,S26,S03,06-09-2026,18:39,1
TKT03703,B101,R01,S01,S08,07-09-2026,18:42,3
TKT03704,B203,R02,S17,S18,08-09-2026,10:35,1
TKT03705,B502,R05,S02,S07,09-09-2026,07:02,3
TKT03706,B101,R01,S07,S08,10-09-2026,09:21,3
TKT03707,B202,R02,S02,S15,11-09-2026,19:35,2
TKT03708,B202,R02,S11,S02,12-09-2026,17:58,1
TKT03709,B503,R05,S13,S20,13-09-2026,14:01,1
TKT03710,B202,R02,S02,S15,14-09-2026,21:36,2
TKT03711,B302,R03,S22,S23,01-09-2026,15:11,1
TKT03712,B302,R03,S16,S20,02-09-2026,07:03,1
TKT03713,B303,R03,S22,S23,03-09-2026,17:26,2
TKT03714,B503,R05,S30,S31,04-09-2026,15:36,1
TKT03715,B102,R01,S05,S09,05-09-2026,07:38,1
TKT03716,B103,R01,S03,S09,06-09-2026,17:59,3
TKT03717,B203,R02,S16,S18,07-09-2026,19:41,1
TKT03718,B201,R02,S16,S17,08-09-2026,14:53,2
TKT03719,B103,R01,S02,S09,09-09-2026,07:51,2
TKT03720,B502,R05,S29,S13,10-09-2026,18:12,2
TKT03721,B202,R02,S02,S16,11-09-2026,09:09,3
TKT03722,B402,R04,S25,S06,12-09-2026,15:03,3
TKT03723,B302,R03,S20,S21,13-09-2026,09:57,2
TKT03724,B301,R03,S16,S15,14-09-2026,19:22,3
TKT03725,B502,R05,S31,S02,01-09-2026,21:04,1
TKT03726,B101,R01,S07,S09,02-09-2026,07:22,2
TKT03727,B303,R03,S21,S23,03-09-2026,10:57,1
TKT03728,B202,R02,S17,S18,04-09-2026,09:14,2
TKT03729,B302,R03,S07,S23,05-09-2026,10:09,1
TKT03730,B503,R05,S11,S13,06-09-2026,17:18,3
TKT03731,B101,R01,S04,S06,07-09-2026,18:02,2
TKT03732,B501,R05,S02,S07,08-09-2026,18:51,1
TKT03733,B101,R01,S08,S09,09-09-2026,19:24,2
TKT03734,B302,R03,S20,S23,10-09-2026,08:54,2
TKT03735,B103,R01,S09,S10,11-09-2026,07:38,4
TKT03736,B503,R05,S13,S02,12-09-2026,09:34,3
TKT03737,B301,R03,S07,S20,13-09-2026,20:40,1
TKT03738,B203,R02,S16,S18,14-09-2026,17:56,4
TKT03739,B102,R01,S05,S07,01-09-2026,21:44,1
TKT03740,B401,R04,S07,S01,02-09-2026,18:17,2
TKT03741,B202,R02,S02,S17,03-09-2026,15:01,1
TKT03742,B401,R04,S28,S01,04-09-2026,13:20,3
TKT03743,B102,R01,S09,S10,05-09-2026,17:49,1
TKT03744,B101,R01,S06,S10,06-09-2026,06:47,3
TKT03745,B302,R03,S22,S23,07-09-2026,11:18,2
TKT03746,B402,R04,S26,S07,08-09-2026,08:50,4
TKT03747,B401,R04,S05,S01,09-09-2026,16:04,2
TKT03748,B402,R04,S28,S01,10-09-2026,19:19,1
TKT03749,B102,R01,S07,S08,11-09-2026,15:34,2
TKT03750,B403,R04,S03,S01,12-09-2026,08:54,3
TKT03751,B102,R01,S05,S09,13-09-2026,17:23,2
TKT03752,B303,R03,S15,S07,14-09-2026,18:10,2
TKT03753,B301,R03,S16,S20,01-09-2026,10:45,1
TKT03754,B102,R01,S07,S10,02-09-2026,12:58,1
TKT03755,B101,R01,S02,S05,03-09-2026,19:26,1
TKT03756,B303,R03,S20,S22,04-09-2026,10:16,3
TKT03757,B302,R03,S07,S20,05-09-2026,16:45,2
TKT03758,B101,R01,S03,S05,06-09-2026,17:11,2
TKT03759,B401,R04,S26,S07,07-09-2026,17:08,3
TKT03760,B203,R02,S14,S16,08-09-2026,19:31,2
TKT03761,B303,R03,S06,S22,09-09-2026,19:05,3
TKT03762,B302,R03,S20,S21,10-09-2026,17:12,2
TKT03763,B103,R01,S03,S04,11-09-2026,18:53,3
TKT03764,B303,R03,S16,S21,12-09-2026,19:58,3
TKT03765,B301,R03,S15,S19,13-09-2026,11:57,1
TKT03766,B501,R05,S11,S03,14-09-2026,17:44,3
TKT03767,B203,R02,S13,S02,01-09-2026,18:45,5
TKT03768,B503,R05,S29,S13,02-09-2026,14:09,1
TKT03769,B203,R02,S02,S15,03-09-2026,08:30,1
TKT03770,B303,R03,S16,S20,04-09-2026,09:12,1
TKT03771,B403,R04,S28,S01,05-09-2026,17:52,3
TKT03772,B501,R05,S04,S20,06-09-2026,10:24,4
TKT03773,B202,R02,S16,S17,07-09-2026,09:55,4
TKT03774,B103,R01,S08,S09,08-09-2026,18:13,3
TKT03775,B402,R04,S06,S01,09-09-2026,13:32,1
TKT03776,B103,R01,S06,S07,10-09-2026,07:17,3
TKT03777,B102,R01,S05,S10,11-09-2026,07:35,2
TKT03778,B501,R05,S29,S07,12-09-2026,08:49,2
TKT03779,B402,R04,S26,S03,13-09-2026,08:47,4
TKT03780,B101,R01,S07,S09,14-09-2026,14:26,1
TKT03781,B403,R04,S07,S06,01-09-2026,17:33,1
TKT03782,B302,R03,S07,S20,02-09-2026,18:47,2
TKT03783,B201,R02,S16,S18,03-09-2026,17:55,1
TKT03784,B301,R03,S06,S22,04-09-2026,07:21,2
TKT03785,B202,R02,S13,S17,05-09-2026,08:55,2
TKT03786,B502,R05,S13,S07,06-09-2026,19:50,1
TKT03787,B203,R02,S13,S16,07-09-2026,14:01,1
TKT03788,B302,R03,S15,S20,08-09-2026,07:13,1
TKT03789,B302,R03,S15,S19,09-09-2026,19:56,1
TKT03790,B403,R04,S28,S01,10-09-2026,11:48,1
TKT03791,B102,R01,S03,S05,11-09-2026,19:08,4
TKT03792,B202,R02,S15,S18,12-09-2026,12:10,2
TKT03793,B503,R05,S11,S07,13-09-2026,10:33,1
TKT03794,B503,R05,S30,S13,14-09-2026,08:26,2
TKT03795,B402,R04,S28,S01,01-09-2026,12:26,2
TKT03796,B203,R02,S16,S18,02-09-2026,16:40,1
TKT03797,B103,R01,S08,S09,03-09-2026,11:15,3
TKT03798,B202,R02,S17,S18,04-09-2026,19:32,4
TKT03799,B103,R01,S01,S05,05-09-2026,08:59,2
TKT03800,B201,R02,S14,S15,06-09-2026,14:34,2
TKT03801,B203,R02,S12,S02,07-09-2026,17:56,2
TKT03802,B202,R02,S15,S18,08-09-2026,17:00,1
TKT03803,B301,R03,S16,S07,09-09-2026,09:36,2
TKT03804,B301,R03,S20,S23,10-09-2026,18:09,1
TKT03805,B502,R05,S02,S04,11-09-2026,08:07,2
TKT03806,B101,R01,S01,S06,12-09-2026,08:20,2
TKT03807,B503,R05,S04,S20,13-09-2026,18:52,2
TKT03808,B301,R03,S21,S22,14-09-2026,16:52,2
TKT03809,B101,R01,S05,S07,01-09-2026,17:28,3
TKT03810,B302,R03,S21,S22,02-09-2026,19:36,1
TKT03811,B303,R03,S20,S21,03-09-2026,17:44,1
TKT03812,B503,R05,S11,S02,04-09-2026,09:57,2
TKT03813,B103,R01,S02,S05,05-09-2026,18:14,3
TKT03814,B101,R01,S05,S06,06-09-2026,13:17,1
TKT03815,B203,R02,S14,S16,07-09-2026,19:23,2
TKT03816,B503,R05,S13,S03,08-09-2026,16:44,1
TKT03817,B301,R03,S20,S22,09-09-2026,17:37,2
TKT03818,B502,R05,S04,S07,10-09-2026,17:09,1
TKT03819,B302,R03,S19,S06,11-09-2026,14:16,1
TKT03820,B101,R01,S07,S08,12-09-2026,18:07,2
TKT03821,B202,R02,S15,S16,13-09-2026,08:00,1
TKT03822,B403,R04,S07,S06,14-09-2026,07:41,3
TKT03823,B402,R04,S26,S03,01-09-2026,19:29,2
TKT03824,B203,R02,S12,S15,02-09-2026,18:37,2
TKT03825,B401,R04,S06,S01,03-09-2026,07:18,5
TKT03826,B502,R05,S29,S31,04-09-2026,06:36,3
TKT03827,B101,R01,S05,S07,05-09-2026,17:38,2
TKT03828,B101,R01,S08,S09,06-09-2026,07:58,4
TKT03829,B203,R02,S14,S15,07-09-2026,18:47,2
TKT03830,B202,R02,S13,S17,08-09-2026,08:24,3
TKT03831,B301,R03,S20,S22,09-09-2026,12:04,1
TKT03832,B402,R04,S28,S01,10-09-2026,18:48,3
TKT03833,B302,R03,S06,S21,11-09-2026,19:47,3
TKT03834,B102,R01,S01,S05,12-09-2026,07:49,1
TKT03835,B101,R01,S02,S10,13-09-2026,07:52,1
TKT03836,B401,R04,S28,S01,14-09-2026,09:27,3
TKT03837,B301,R03,S16,S21,01-09-2026,17:41,2
TKT03838,B103,R01,S03,S04,02-09-2026,19:43,3
TKT03839,B103,R01,S03,S07,03-09-2026,19:09,3
TKT03840,B401,R04,S05,S01,04-09-2026,10:11,1
TKT03841,B202,R02,S02,S16,05-09-2026,17:45,2
TKT03842,B402,R04,S05,S03,06-09-2026,16:09,2
TKT03843,B403,R04,S03,S01,07-09-2026,20:15,1
TKT03844,B501,R05,S04,S07,08-09-2026,08:21,3
TKT03845,B502,R05,S04,S07,09-09-2026,15:45,2
TKT03846,B503,R05,S11,S03,10-09-2026,15:43,3
TKT03847,B201,R02,S02,S16,11-09-2026,09:22,1
TKT03848,B201,R02,S02,S16,12-09-2026,09:37,1
TKT03849,B101,R01,S01,S06,13-09-2026,07:38,2
TKT03850,B101,R01,S08,S09,14-09-2026,16:29,1
TKT03851,B102,R01,S01,S02,01-09-2026,19:48,2
TKT03852,B103,R01,S07,S09,02-09-2026,19:08,3
TKT03853,B303,R03,S19,S06,03-09-2026,08:52,2
TKT03854,B303,R03,S15,S20,04-09-2026,10:13,1
TKT03855,B102,R01,S02,S06,05-09-2026,07:48,1
TKT03856,B202,R02,S14,S16,06-09-2026,09:28,3
TKT03857,B103,R01,S03,S10,07-09-2026,17:14,3
TKT03858,B102,R01,S01,S02,08-09-2026,18:06,1
TKT03859,B203,R02,S02,S17,09-09-2026,07:15,3
TKT03860,B303,R03,S22,S23,10-09-2026,20:10,1
TKT03861,B303,R03,S15,S19,11-09-2026,17:28,1
TKT03862,B102,R01,S02,S05,12-09-2026,19:23,2
TKT03863,B301,R03,S06,S07,13-09-2026,07:01,2
TKT03864,B501,R05,S11,S20,14-09-2026,19:20,1
TKT03865,B302,R03,S06,S20,01-09-2026,10:43,1
TKT03866,B202,R02,S02,S15,02-09-2026,19:36,4
TKT03867,B403,R04,S28,S01,03-09-2026,13:08,1
TKT03868,B201,R02,S12,S16,04-09-2026,18:55,1
TKT03869,B302,R03,S22,S23,05-09-2026,07:24,2
TKT03870,B301,R03,S21,S22,06-09-2026,19:49,3
TKT03871,B403,R04,S06,S05,07-09-2026,15:36,1
TKT03872,B503,R05,S02,S20,08-09-2026,19:37,2
TKT03873,B303,R03,S15,S19,09-09-2026,17:25,2
TKT03874,B501,R05,S13,S20,10-09-2026,07:03,2
TKT03875,B101,R01,S07,S09,11-09-2026,18:05,1
TKT03876,B101,R01,S03,S05,12-09-2026,17:41,2
TKT03877,B402,R04,S07,S05,13-09-2026,15:56,2
TKT03878,B201,R02,S02,S14,14-09-2026,17:43,1
TKT03879,B101,R01,S03,S04,01-09-2026,08:44,4
TKT03880,B101,R01,S08,S09,02-09-2026,17:17,3
TKT03881,B403,R04,S07,S05,03-09-2026,17:31,1
TKT03882,B401,R04,S07,S05,04-09-2026,08:19,2
TKT03883,B103,R01,S09,S10,05-09-2026,19:28,2
TKT03884,B402,R04,S07,S01,06-09-2026,17:43,2
TKT03885,B303,R03,S15,S07,07-09-2026,07:44,1
TKT03886,B102,R01,S05,S07,08-09-2026,19:59,2
TKT03887,B203,R02,S15,S18,09-09-2026,18:58,3
TKT03888,B101,R01,S02,S05,10-09-2026,17:09,2
TKT03889,B403,R04,S07,S03,11-09-2026,08:10,2
TKT03890,B303,R03,S21,S23,12-09-2026,15:56,1
TKT03891,B203,R02,S12,S02,13-09-2026,18:09,2
TKT03892,B301,R03,S06,S20,14-09-2026,07:30,2
TKT03893,B101,R01,S08,S10,01-09-2026,14:12,1
TKT03894,B201,R02,S11,S02,02-09-2026,07:21,1
TKT03895,B502,R05,S02,S03,03-09-2026,09:12,2
TKT03896,B103,R01,S07,S08,04-09-2026,09:00,2
TKT03897,B402,R04,S06,S03,05-09-2026,14:39,1
TKT03898,B102,R01,S03,S09,06-09-2026,17:30,2
TKT03899,B302,R03,S06,S07,07-09-2026,08:01,2
TKT03900,B103,R01,S01,S04,08-09-2026,16:38,1
TKT03901,B302,R03,S20,S22,09-09-2026,08:09,2
TKT03902,B201,R02,S17,S18,10-09-2026,09:33,1
TKT03903,B302,R03,S06,S23,11-09-2026,13:52,3
TKT03904,B203,R02,S16,S17,12-09-2026,12:13,4
TKT03905,B502,R05,S04,S07,13-09-2026,16:14,1
TKT03906,B301,R03,S15,S19,14-09-2026,08:20,3
TKT03907,B401,R04,S26,S07,01-09-2026,12:45,1
TKT03908,B302,R03,S20,S23,02-09-2026,14:32,2
TKT03909,B103,R01,S08,S09,03-09-2026,10:58,1
TKT03910,B403,R04,S24,S06,04-09-2026,07:21,2
TKT03911,B103,R01,S02,S05,05-09-2026,08:57,1
TKT03912,B202,R02,S11,S13,06-09-2026,19:06,3
TKT03913,B301,R03,S16,S19,07-09-2026,18:44,2
TKT03914,B503,R05,S13,S04,08-09-2026,13:10,1
TKT03915,B403,R04,S24,S07,09-09-2026,10:56,1
TKT03916,B101,R01,S06,S07,10-09-2026,11:47,2
TKT03917,B103,R01,S08,S09,11-09-2026,12:00,2
TKT03918,B103,R01,S09,S10,12-09-2026,15:21,1
TKT03919,B302,R03,S22,S23,13-09-2026,08:07,2
TKT03920,B102,R01,S09,S10,14-09-2026,16:56,1
TKT03921,B201,R02,S16,S17,01-09-2026,19:56,4
TKT03922,B102,R01,S07,S10,02-09-2026,07:26,2
TKT03923,B303,R03,S22,S23,03-09-2026,16:53,1
TKT03924,B102,R01,S08,S09,04-09-2026,14:30,2
TKT03925,B303,R03,S06,S20,05-09-2026,21:40,2
TKT03926,B102,R01,S08,S09,06-09-2026,18:47,4
TKT03927,B501,R05,S03,S04,07-09-2026,14:48,2
TKT03928,B202,R02,S17,S18,08-09-2026,17:06,2
TKT03929,B403,R04,S07,S01,09-09-2026,07:25,3
TKT03930,B301,R03,S22,S23,10-09-2026,08:40,3
TKT03931,B401,R04,S05,S03,11-09-2026,08:57,2
TKT03932,B101,R01,S04,S09,12-09-2026,10:53,2
TKT03933,B501,R05,S02,S07,13-09-2026,17:25,2
TKT03934,B401,R04,S28,S01,14-09-2026,14:50,2
TKT03935,B101,R01,S09,S10,01-09-2026,13:08,2
TKT03936,B302,R03,S20,S21,02-09-2026,06:14,1
TKT03937,B303,R03,S22,S23,03-09-2026,18:59,5
TKT03938,B303,R03,S22,S23,04-09-2026,19:21,4
TKT03939,B303,R03,S06,S07,05-09-2026,19:22,1
TKT03940,B403,R04,S07,S05,06-09-2026,11:20,4
TKT03941,B302,R03,S15,S23,07-09-2026,18:31,2
TKT03942,B202,R02,S02,S14,08-09-2026,16:01,2
TKT03943,B102,R01,S06,S07,09-09-2026,09:25,5
TKT03944,B401,R04,S03,S28,10-09-2026,18:11,3
TKT03945,B102,R01,S09,S10,11-09-2026,09:01,2
TKT03946,B202,R02,S16,S17,12-09-2026,09:49,1
TKT03947,B102,R01,S07,S09,13-09-2026,16:17,1
TKT03948,B503,R05,S31,S20,14-09-2026,09:17,2
TKT03949,B102,R01,S04,S05,01-09-2026,09:14,2
TKT03950,B401,R04,S25,S01,02-09-2026,07:28,2
TKT03951,B203,R02,S02,S16,03-09-2026,09:22,1
TKT03952,B101,R01,S02,S03,04-09-2026,17:02,3
TKT03953,B102,R01,S06,S08,05-09-2026,19:14,1
TKT03954,B103,R01,S07,S08,06-09-2026,18:30,2
TKT03955,B201,R02,S17,S18,07-09-2026,19:43,3
TKT03956,B403,R04,S24,S26,08-09-2026,17:21,2
TKT03957,B503,R05,S04,S20,09-09-2026,17:47,1
TKT03958,B302,R03,S20,S22,10-09-2026,18:52,2
TKT03959,B203,R02,S16,S17,11-09-2026,19:47,2
TKT03960,B303,R03,S06,S07,12-09-2026,16:29,1
TKT03961,B503,R05,S07,S20,13-09-2026,08:26,1
TKT03962,B102,R01,S02,S06,14-09-2026,16:29,1
TKT03963,B201,R02,S15,S17,01-09-2026,08:46,2
TKT03964,B102,R01,S06,S08,02-09-2026,10:09,2
TKT03965,B402,R04,S28,S01,03-09-2026,17:33,3
TKT03966,B403,R04,S26,S01,04-09-2026,12:07,1
TKT03967,B303,R03,S22,S23,05-09-2026,10:24,1
TKT03968,B303,R03,S21,S22,06-09-2026,08:09,1
TKT03969,B503,R05,S03,S04,07-09-2026,09:38,2
TKT03970,B302,R03,S06,S07,08-09-2026,18:37,2
TKT03971,B103,R01,S01,S05,09-09-2026,07:07,2
TKT03972,B403,R04,S07,S03,10-09-2026,08:43,3
TKT03973,B202,R02,S11,S14,11-09-2026,17:49,1
TKT03974,B501,R05,S02,S07,12-09-2026,17:25,4
TKT03975,B103,R01,S08,S09,13-09-2026,09:14,3
TKT03976,B303,R03,S22,S23,14-09-2026,13:34,4
TKT03977,B303,R03,S15,S06,01-09-2026,09:04,2
TKT03978,B102,R01,S09,S10,02-09-2026,18:14,2
TKT03979,B302,R03,S21,S23,03-09-2026,10:15,1
TKT03980,B103,R01,S03,S04,04-09-2026,12:13,1
TKT03981,B301,R03,S16,S22,05-09-2026,09:30,3
TKT03982,B403,R04,S26,S05,06-09-2026,17:40,3
TKT03983,B302,R03,S22,S23,07-09-2026,15:25,1
TKT03984,B203,R02,S17,S18,08-09-2026,10:24,1
TKT03985,B102,R01,S06,S08,09-09-2026,09:27,2
TKT03986,B202,R02,S11,S14,10-09-2026,09:43,3
TKT03987,B403,R04,S24,S26,11-09-2026,15:53,3
TKT03988,B203,R02,S17,S18,12-09-2026,19:52,2
TKT03989,B102,R01,S04,S07,13-09-2026,19:32,3
TKT03990,B101,R01,S08,S09,14-09-2026,11:02,2
TKT03991,B203,R02,S13,S16,01-09-2026,08:12,2
TKT03992,B202,R02,S17,S18,02-09-2026,15:11,1
TKT03993,B102,R01,S04,S05,03-09-2026,09:46,3
TKT03994,B302,R03,S22,S23,04-09-2026,12:09,2
TKT03995,B102,R01,S02,S04,05-09-2026,18:01,2
TKT03996,B102,R01,S03,S08,06-09-2026,20:12,1
TKT03997,B302,R03,S15,S22,07-09-2026,19:16,2
TKT03998,B502,R05,S29,S13,08-09-2026,10:42,1
TKT03999,B301,R03,S16,S20,09-09-2026,08:16,3
TKT04000,B102,R01,S06,S09,10-09-2026,11:24,1
TKT04001,B402,R04,S07,S03,11-09-2026,09:33,1
TKT04002,B501,R05,S03,S04,12-09-2026,08:30,2
TKT04003,B403,R04,S05,S03,13-09-2026,19:48,1
TKT04004,B102,R01,S01,S08,14-09-2026,18:08,2
TKT04005,B301,R03,S07,S21,01-09-2026,12:17,1
TKT04006,B402,R04,S24,S03,02-09-2026,07:42,4
TKT04007,B502,R05,S13,S03,03-09-2026,11:31,2
TKT04008,B401,R04,S03,S28,04-09-2026,19:51,3
TKT04009,B301,R03,S15,S07,05-09-2026,14:30,1
TKT04010,B403,R04,S24,S26,06-09-2026,19:58,2
TKT04011,B401,R04,S26,S07,07-09-2026,17:42,2
TKT04012,B102,R01,S08,S09,08-09-2026,09:37,1
TKT04013,B202,R02,S12,S13,09-09-2026,10:30,1
TKT04014,B403,R04,S03,S01,10-09-2026,19:45,2
TKT04015,B102,R01,S02,S03,11-09-2026,07:53,2
TKT04016,B203,R02,S15,S18,12-09-2026,19:06,1
TKT04017,B302,R03,S16,S20,13-09-2026,19:46,2
TKT04018,B403,R04,S24,S06,14-09-2026,08:18,3
TKT04019,B103,R01,S05,S08,01-09-2026,06:28,1
TKT04020,B502,R05,S31,S03,02-09-2026,09:26,3
TKT04021,B302,R03,S20,S21,03-09-2026,19:22,2
TKT04022,B102,R01,S09,S10,04-09-2026,17:22,5
TKT04023,B503,R05,S31,S13,05-09-2026,09:54,4
TKT04024,B201,R02,S16,S18,06-09-2026,16:51,1
TKT04025,B202,R02,S11,S02,07-09-2026,18:43,2
TKT04026,B501,R05,S07,S20,08-09-2026,17:10,3
TKT04027,B401,R04,S26,S07,09-09-2026,09:05,1
TKT04028,B301,R03,S22,S23,10-09-2026,17:37,3
TKT04029,B303,R03,S20,S22,11-09-2026,09:12,3
TKT04030,B103,R01,S04,S05,12-09-2026,12:21,2
TKT04031,B401,R04,S25,S26,13-09-2026,07:52,3
TKT04032,B103,R01,S07,S08,14-09-2026,19:46,3
TKT04033,B203,R02,S12,S13,01-09-2026,19:30,3
TKT04034,B203,R02,S02,S17,02-09-2026,09:14,2
TKT04035,B101,R01,S07,S08,03-09-2026,07:24,2
TKT04036,B202,R02,S17,S18,04-09-2026,09:57,2
TKT04037,B203,R02,S14,S17,05-09-2026,18:30,3
TKT04038,B201,R02,S12,S16,06-09-2026,17:36,2
TKT04039,B203,R02,S16,S18,07-09-2026,08:42,1
TKT04040,B101,R01,S06,S07,08-09-2026,08:48,2
TKT04041,B303,R03,S16,S15,09-09-2026,07:07,1
TKT04042,B103,R01,S06,S07,10-09-2026,17:38,1
TKT04043,B501,R05,S04,S20,11-09-2026,11:18,2
TKT04044,B102,R01,S08,S09,12-09-2026,20:37,1
TKT04045,B502,R05,S07,S20,13-09-2026,08:12,2
TKT04046,B401,R04,S07,S05,14-09-2026,12:42,1
TKT04047,B301,R03,S16,S19,01-09-2026,17:10,2
TKT04048,B101,R01,S03,S04,02-09-2026,10:57,1
TKT04049,B202,R02,S13,S18,03-09-2026,08:30,2
TKT04050,B401,R04,S06,S01,04-09-2026,19:44,2
TKT04051,B503,R05,S02,S04,05-09-2026,18:34,1
TKT04052,B101,R01,S03,S04,06-09-2026,09:53,4
TKT04053,B102,R01,S07,S08,07-09-2026,16:26,2
TKT04054,B301,R03,S21,S22,08-09-2026,19:38,1
TKT04055,B201,R02,S14,S16,09-09-2026,18:00,2
TKT04056,B102,R01,S04,S07,10-09-2026,14:14,1
TKT04057,B403,R04,S24,S25,11-09-2026,15:34,1
TKT04058,B502,R05,S30,S13,12-09-2026,07:35,3
TKT04059,B202,R02,S16,S18,13-09-2026,13:12,2
TKT04060,B402,R04,S05,S28,14-09-2026,11:50,1
TKT04061,B401,R04,S05,S01,01-09-2026,07:17,3
TKT04062,B203,R02,S12,S02,02-09-2026,21:41,1
TKT04063,B203,R02,S16,S17,03-09-2026,18:35,1
TKT04064,B403,R04,S25,S26,04-09-2026,07:15,2
TKT04065,B102,R01,S02,S05,05-09-2026,14:01,1
TKT04066,B402,R04,S05,S01,06-09-2026,18:49,2
TKT04067,B101,R01,S04,S05,07-09-2026,11:17,4
TKT04068,B101,R01,S05,S07,08-09-2026,12:45,2
TKT04069,B102,R01,S09,S10,09-09-2026,12:55,1
TKT04070,B101,R01,S02,S06,10-09-2026,18:50,2
TKT04071,B502,R05,S30,S31,11-09-2026,10:26,1
TKT04072,B103,R01,S05,S09,12-09-2026,16:32,1
TKT04073,B203,R02,S12,S14,13-09-2026,19:00,2
TKT04074,B101,R01,S06,S10,14-09-2026,16:19,1
TKT04075,B401,R04,S03,S01,01-09-2026,14:10,2
TKT04076,B303,R03,S19,S22,02-09-2026,21:47,1
TKT04077,B103,R01,S07,S10,03-09-2026,09:24,3
TKT04078,B502,R05,S02,S04,04-09-2026,10:31,1
TKT04079,B303,R03,S22,S23,05-09-2026,16:47,1
TKT04080,B203,R02,S02,S16,06-09-2026,10:25,1
TKT04081,B203,R02,S11,S13,07-09-2026,17:14,3
TKT04082,B302,R03,S20,S23,08-09-2026,11:06,1
TKT04083,B203,R02,S02,S16,09-09-2026,08:34,3
TKT04084,B101,R01,S02,S03,10-09-2026,11:59,1
TKT04085,B202,R02,S15,S17,11-09-2026,17:12,3
TKT04086,B303,R03,S16,S19,12-09-2026,09:46,2
TKT04087,B102,R01,S05,S08,13-09-2026,10:14,1
TKT04088,B202,R02,S16,S17,14-09-2026,18:28,2
TKT04089,B402,R04,S28,S01,01-09-2026,08:24,3
TKT04090,B502,R05,S13,S03,02-09-2026,19:46,2
TKT04091,B103,R01,S05,S08,03-09-2026,07:53,3
TKT04092,B301,R03,S22,S23,04-09-2026,14:28,2
TKT04093,B103,R01,S07,S10,05-09-2026,20:11,2
TKT04094,B302,R03,S16,S15,06-09-2026,19:01,2
TKT04095,B202,R02,S13,S14,07-09-2026,09:53,3
TKT04096,B101,R01,S09,S10,08-09-2026,17:17,1
TKT04097,B203,R02,S02,S15,09-09-2026,07:13,3
TKT04098,B203,R02,S16,S18,10-09-2026,07:38,3
TKT04099,B302,R03,S06,S22,11-09-2026,07:31,2
TKT04100,B403,R04,S26,S28,12-09-2026,17:36,1
TKT04101,B202,R02,S16,S18,13-09-2026,10:24,1
TKT04102,B303,R03,S06,S07,14-09-2026,08:55,3
TKT04103,B401,R04,S06,S05,01-09-2026,07:46,1
TKT04104,B103,R01,S02,S06,02-09-2026,18:52,1
TKT04105,B503,R05,S07,S20,03-09-2026,13:27,1
TKT04106,B201,R02,S17,S18,04-09-2026,19:31,2
TKT04107,B301,R03,S15,S07,05-09-2026,21:17,1
TKT04108,B202,R02,S13,S02,06-09-2026,11:02,1
TKT04109,B302,R03,S20,S22,07-09-2026,08:52,3
TKT04110,B103,R01,S01,S08,08-09-2026,16:16,2
TKT04111,B203,R02,S16,S18,09-09-2026,19:22,4
TKT04112,B501,R05,S04,S20,10-09-2026,20:03,3
TKT04113,B103,R01,S03,S10,11-09-2026,18:27,2
TKT04114,B301,R03,S22,S23,12-09-2026,08:09,1
TKT04115,B103,R01,S01,S09,13-09-2026,17:30,3
TKT04116,B102,R01,S08,S09,14-09-2026,11:24,1
TKT04117,B103,R01,S07,S09,01-09-2026,16:32,1
TKT04118,B102,R01,S09,S10,02-09-2026,12:48,1
TKT04119,B203,R02,S13,S14,03-09-2026,21:19,2
TKT04120,B202,R02,S16,S18,04-09-2026,07:01,2
TKT04121,B202,R02,S17,S18,05-09-2026,08:01,2
TKT04122,B301,R03,S06,S07,06-09-2026,12:06,2
TKT04123,B303,R03,S15,S20,07-09-2026,18:26,3
TKT04124,B503,R05,S13,S02,08-09-2026,09:36,2
TKT04125,B302,R03,S21,S22,09-09-2026,06:21,1
TKT04126,B303,R03,S15,S21,10-09-2026,17:25,4
TKT04127,B303,R03,S20,S21,11-09-2026,15:06,2
TKT04128,B103,R01,S01,S02,12-09-2026,09:10,2
TKT04129,B402,R04,S26,S05,13-09-2026,17:58,2
TKT04130,B302,R03,S22,S23,14-09-2026,13:44,1
TKT04131,B303,R03,S20,S23,01-09-2026,19:24,2
TKT04132,B502,R05,S02,S20,02-09-2026,09:48,4
TKT04133,B303,R03,S16,S15,03-09-2026,09:56,2
TKT04134,B503,R05,S02,S04,04-09-2026,15:06,1
TKT04135,B102,R01,S03,S04,05-09-2026,07:56,2
TKT04136,B201,R02,S12,S17,06-09-2026,07:18,1
TKT04137,B202,R02,S17,S18,07-09-2026,17:08,2
TKT04138,B102,R01,S03,S07,08-09-2026,11:55,2
TKT04139,B403,R04,S03,S28,09-09-2026,07:00,1
TKT04140,B201,R02,S12,S17,10-09-2026,11:29,1
TKT04141,B401,R04,S05,S03,11-09-2026,09:23,1
TKT04142,B503,R05,S03,S20,12-09-2026,12:47,1
TKT04143,B203,R02,S11,S17,13-09-2026,15:20,4
TKT04144,B103,R01,S07,S08,14-09-2026,18:49,1
TKT04145,B501,R05,S30,S07,01-09-2026,18:59,2
TKT04146,B201,R02,S17,S18,02-09-2026,07:26,4
TKT04147,B302,R03,S07,S20,03-09-2026,17:50,2
TKT04148,B401,R04,S07,S06,04-09-2026,17:26,3
TKT04149,B501,R05,S11,S13,05-09-2026,10:03,1
TKT04150,B402,R04,S07,S06,06-09-2026,09:00,2
TKT04151,B302,R03,S20,S22,07-09-2026,19:58,3
TKT04152,B402,R04,S24,S28,08-09-2026,19:00,5
TKT04153,B101,R01,S07,S08,09-09-2026,17:16,1
TKT04154,B302,R03,S15,S07,10-09-2026,09:03,3
TKT04155,B102,R01,S05,S10,11-09-2026,07:09,4
TKT04156,B103,R01,S03,S09,12-09-2026,08:48,2
TKT04157,B303,R03,S21,S22,13-09-2026,19:43,2
TKT04158,B503,R05,S29,S13,14-09-2026,09:46,4
TKT04159,B403,R04,S25,S01,01-09-2026,12:32,1
TKT04160,B401,R04,S28,S01,02-09-2026,07:11,2
TKT04161,B203,R02,S11,S13,03-09-2026,19:32,2
TKT04162,B502,R05,S04,S07,04-09-2026,08:15,1
TKT04163,B301,R03,S21,S22,05-09-2026,07:39,3
TKT04164,B102,R01,S09,S10,06-09-2026,14:44,2
TKT04165,B301,R03,S07,S20,07-09-2026,07:22,2
TKT04166,B402,R04,S28,S01,08-09-2026,08:14,3
TKT04167,B202,R02,S13,S17,09-09-2026,08:01,5
TKT04168,B503,R05,S07,S20,10-09-2026,17:53,2
TKT04169,B101,R01,S08,S09,11-09-2026,19:02,2
TKT04170,B103,R01,S04,S10,12-09-2026,17:20,1
TKT04171,B101,R01,S01,S06,13-09-2026,18:54,1
TKT04172,B101,R01,S08,S09,14-09-2026,12:46,1
TKT04173,B502,R05,S02,S04,01-09-2026,17:51,1
TKT04174,B302,R03,S07,S22,02-09-2026,08:53,3
TKT04175,B501,R05,S02,S07,03-09-2026,14:57,1
TKT04176,B203,R02,S02,S16,04-09-2026,18:50,3
TKT04177,B202,R02,S13,S02,05-09-2026,18:43,2
TKT04178,B302,R03,S16,S21,06-09-2026,12:14,1
TKT04179,B403,R04,S24,S03,07-09-2026,10:36,1
TKT04180,B501,R05,S31,S03,08-09-2026,10:43,1
TKT04181,B502,R05,S31,S02,09-09-2026,07:25,2
TKT04182,B103,R01,S02,S03,10-09-2026,07:22,1
TKT04183,B203,R02,S13,S14,11-09-2026,09:10,3
TKT04184,B301,R03,S15,S21,12-09-2026,16:44,2
TKT04185,B401,R04,S28,S01,13-09-2026,19:44,1
TKT04186,B102,R01,S06,S10,14-09-2026,21:14,1
TKT04187,B302,R03,S06,S22,01-09-2026,14:59,1
TKT04188,B303,R03,S06,S21,02-09-2026,16:18,1
TKT04189,B402,R04,S05,S03,03-09-2026,09:59,1
TKT04190,B301,R03,S15,S20,04-09-2026,07:18,3
TKT04191,B101,R01,S09,S10,05-09-2026,09:15,1
TKT04192,B401,R04,S28,S01,06-09-2026,09:22,1
TKT04193,B202,R02,S14,S17,07-09-2026,07:16,2
TKT04194,B302,R03,S20,S21,08-09-2026,17:10,1
TKT04195,B303,R03,S15,S19,09-09-2026,08:21,2
TKT04196,B202,R02,S15,S17,10-09-2026,18:52,2
TKT04197,B302,R03,S21,S22,11-09-2026,17:52,1
TKT04198,B302,R03,S19,S07,12-09-2026,14:58,1
TKT04199,B302,R03,S06,S07,13-09-2026,12:08,1
TKT04200,B502,R05,S31,S04,14-09-2026,06:54,1
TKT04201,B401,R04,S05,S01,01-09-2026,13:01,2
TKT04202,B103,R01,S01,S02,02-09-2026,15:55,2
TKT04203,B101,R01,S09,S10,03-09-2026,15:17,2
TKT04204,B101,R01,S05,S06,04-09-2026,09:43,2
TKT04205,B501,R05,S02,S20,05-09-2026,07:24,4
TKT04206,B401,R04,S03,S01,06-09-2026,19:55,1
TKT04207,B302,R03,S07,S22,07-09-2026,07:36,4
TKT04208,B503,R05,S11,S07,08-09-2026,19:26,4
TKT04209,B503,R05,S30,S02,09-09-2026,09:06,2
TKT04210,B103,R01,S08,S09,10-09-2026,17:44,3
TKT04211,B301,R03,S19,S20,11-09-2026,18:22,2
TKT04212,B303,R03,S22,S23,12-09-2026,07:25,2
TKT04213,B403,R04,S25,S07,13-09-2026,07:29,2
TKT04214,B402,R04,S28,S01,14-09-2026,08:19,4
TKT04215,B403,R04,S24,S25,01-09-2026,14:26,1
TKT04216,B301,R03,S15,S19,02-09-2026,18:22,1
TKT04217,B101,R01,S03,S08,03-09-2026,08:34,3
TKT04218,B403,R04,S26,S03,04-09-2026,18:05,3
TKT04219,B503,R05,S11,S02,05-09-2026,19:14,1
TKT04220,B401,R04,S03,S01,06-09-2026,19:22,3
TKT04221,B102,R01,S03,S05,07-09-2026,09:57,2
TKT04222,B403,R04,S28,S01,08-09-2026,06:11,1
TKT04223,B403,R04,S05,S01,09-09-2026,14:43,2
TKT04224,B302,R03,S22,S23,10-09-2026,18:38,2
TKT04225,B501,R05,S04,S07,11-09-2026,18:56,3
TKT04226,B503,R05,S07,S20,12-09-2026,11:41,2
TKT04227,B302,R03,S15,S19,13-09-2026,16:49,1
TKT04228,B301,R03,S16,S15,14-09-2026,07:48,3
TKT04229,B301,R03,S21,S23,01-09-2026,11:35,1
TKT04230,B402,R04,S28,S01,02-09-2026,17:37,1
TKT04231,B503,R05,S07,S20,03-09-2026,17:34,3
TKT04232,B303,R03,S07,S20,04-09-2026,08:18,2
TKT04233,B301,R03,S15,S20,05-09-2026,17:25,1
TKT04234,B102,R01,S07,S08,06-09-2026,18:32,1
TKT04235,B403,R04,S24,S06,07-09-2026,08:13,3
TKT04236,B201,R02,S15,S18,08-09-2026,08:57,2
TKT04237,B501,R05,S04,S07,09-09-2026,17:52,3
TKT04238,B202,R02,S02,S14,10-09-2026,06:46,1
TKT04239,B401,R04,S26,S03,11-09-2026,19:02,3
TKT04240,B303,R03,S20,S21,12-09-2026,15:51,2
TKT04241,B202,R02,S15,S18,13-09-2026,15:44,1
TKT04242,B102,R01,S06,S07,14-09-2026,08:48,3
TKT04243,B303,R03,S06,S22,01-09-2026,18:22,2
TKT04244,B102,R01,S07,S09,02-09-2026,15:38,2
TKT04245,B202,R02,S12,S14,03-09-2026,09:20,2
TKT04246,B203,R02,S02,S15,04-09-2026,19:27,2
TKT04247,B302,R03,S21,S23,05-09-2026,08:43,5
TKT04248,B201,R02,S02,S14,06-09-2026,07:19,2
TKT04249,B203,R02,S12,S13,07-09-2026,15:17,2
TKT04250,B102,R01,S09,S10,08-09-2026,08:48,2
TKT04251,B203,R02,S13,S02,09-09-2026,09:44,2
TKT04252,B401,R04,S05,S03,10-09-2026,19:27,3
TKT04253,B503,R05,S02,S04,11-09-2026,06:54,1
TKT04254,B503,R05,S31,S02,12-09-2026,09:05,2
TKT04255,B103,R01,S06,S08,13-09-2026,09:28,3
TKT04256,B201,R02,S17,S18,14-09-2026,12:23,2
TKT04257,B101,R01,S08,S09,01-09-2026,07:00,3
TKT04258,B403,R04,S03,S01,02-09-2026,09:07,4
TKT04259,B102,R01,S06,S07,03-09-2026,11:19,1
TKT04260,B101,R01,S06,S07,04-09-2026,18:19,2
TKT04261,B401,R04,S03,S01,05-09-2026,19:26,2
TKT04262,B303,R03,S16,S23,06-09-2026,07:29,1
TKT04263,B503,R05,S29,S13,07-09-2026,07:34,3
TKT04264,B202,R02,S13,S14,08-09-2026,17:41,3
TKT04265,B202,R02,S17,S18,09-09-2026,17:28,3
TKT04266,B203,R02,S14,S16,10-09-2026,18:10,1
TKT04267,B202,R02,S02,S17,11-09-2026,18:31,2
TKT04268,B301,R03,S06,S22,12-09-2026,17:37,1
TKT04269,B201,R02,S02,S15,13-09-2026,08:41,2
TKT04270,B202,R02,S11,S17,14-09-2026,20:28,1
TKT04271,B302,R03,S22,S23,01-09-2026,17:27,4
TKT04272,B101,R01,S02,S03,02-09-2026,09:52,3
TKT04273,B301,R03,S15,S22,03-09-2026,17:32,2
TKT04274,B203,R02,S13,S18,04-09-2026,13:58,1
TKT04275,B101,R01,S03,S06,05-09-2026,09:10,3
TKT04276,B102,R01,S08,S10,06-09-2026,11:09,1
TKT04277,B502,R05,S02,S03,07-09-2026,21:07,1
TKT04278,B103,R01,S09,S10,08-09-2026,07:56,3
TKT04279,B202,R02,S15,S16,09-09-2026,17:42,4
TKT04280,B103,R01,S05,S07,10-09-2026,08:17,3
TKT04281,B203,R02,S16,S17,11-09-2026,15:14,2
TKT04282,B302,R03,S22,S23,12-09-2026,13:48,3
TKT04283,B301,R03,S15,S23,13-09-2026,12:59,3
TKT04284,B103,R01,S02,S10,14-09-2026,18:49,2
TKT04285,B103,R01,S03,S08,01-09-2026,06:41,1
TKT04286,B202,R02,S02,S15,02-09-2026,07:53,3
TKT04287,B101,R01,S06,S07,03-09-2026,17:17,1
TKT04288,B203,R02,S12,S13,04-09-2026,18:28,4
TKT04289,B303,R03,S19,S06,05-09-2026,08:24,3
TKT04290,B502,R05,S07,S20,06-09-2026,18:08,4
TKT04291,B202,R02,S15,S16,07-09-2026,19:38,1
TKT04292,B301,R03,S15,S22,08-09-2026,13:00,1
TKT04293,B402,R04,S28,S01,09-09-2026,07:12,2
TKT04294,B403,R04,S05,S28,10-09-2026,19:17,2
TKT04295,B301,R03,S19,S06,11-09-2026,15:24,3
TKT04296,B302,R03,S19,S23,12-09-2026,08:44,4
TKT04297,B502,R05,S03,S04,13-09-2026,15:51,1
TKT04298,B503,R05,S03,S04,14-09-2026,16:28,1
TKT04299,B402,R04,S06,S28,01-09-2026,17:46,2
TKT04300,B103,R01,S01,S06,02-09-2026,09:38,1
TKT04301,B302,R03,S15,S20,03-09-2026,06:41,1
TKT04302,B101,R01,S02,S03,04-09-2026,08:53,2
TKT04303,B203,R02,S13,S02,05-09-2026,17:41,2
TKT04304,B402,R04,S05,S01,06-09-2026,18:22,2
TKT04305,B302,R03,S15,S06,07-09-2026,20:30,1
TKT04306,B401,R04,S25,S06,08-09-2026,07:43,3
TKT04307,B402,R04,S05,S01,09-09-2026,13:04,1
TKT04308,B101,R01,S09,S10,10-09-2026,19:36,3
TKT04309,B202,R02,S02,S15,11-09-2026,18:41,1
TKT04310,B402,R04,S25,S05,12-09-2026,17:04,2
TKT04311,B403,R04,S07,S01,13-09-2026,19:49,2
TKT04312,B101,R01,S05,S09,14-09-2026,08:04,2
TKT04313,B102,R01,S01,S02,01-09-2026,20:59,3
TKT04314,B401,R04,S03,S28,02-09-2026,09:07,1
TKT04315,B103,R01,S07,S10,03-09-2026,18:41,2
TKT04316,B503,R05,S11,S20,04-09-2026,07:02,2
TKT04317,B302,R03,S21,S23,05-09-2026,08:53,3
TKT04318,B402,R04,S03,S01,06-09-2026,16:28,1
TKT04319,B402,R04,S24,S07,07-09-2026,17:10,2
TKT04320,B103,R01,S06,S10,08-09-2026,20:47,1
TKT04321,B403,R04,S07,S05,09-09-2026,19:36,1
TKT04322,B102,R01,S01,S07,10-09-2026,07:59,3
TKT04323,B103,R01,S09,S10,11-09-2026,18:39,1
TKT04324,B201,R02,S17,S18,12-09-2026,08:14,2
TKT04325,B101,R01,S07,S09,13-09-2026,20:14,1
TKT04326,B403,R04,S07,S01,14-09-2026,08:49,4
TKT04327,B401,R04,S05,S03,01-09-2026,19:53,2
TKT04328,B301,R03,S21,S22,02-09-2026,17:34,2
TKT04329,B201,R02,S12,S15,03-09-2026,07:46,2
TKT04330,B103,R01,S05,S06,04-09-2026,09:52,2
TKT04331,B502,R05,S03,S20,05-09-2026,19:41,1
TKT04332,B503,R05,S30,S07,06-09-2026,09:43,3
TKT04333,B103,R01,S09,S10,07-09-2026,17:52,3
TKT04334,B302,R03,S16,S19,08-09-2026,09:42,3
TKT04335,B102,R01,S06,S08,09-09-2026,18:51,4
TKT04336,B203,R02,S15,S16,10-09-2026,07:57,1
TKT04337,B102,R01,S05,S08,11-09-2026,15:07,1
TKT04338,B501,R05,S13,S20,12-09-2026,17:15,2
TKT04339,B101,R01,S09,S10,13-09-2026,08:45,2
TKT04340,B202,R02,S15,S16,14-09-2026,21:30,1
TKT04341,B203,R02,S12,S14,01-09-2026,18:23,3
TKT04342,B202,R02,S16,S17,02-09-2026,17:45,1
TKT04343,B202,R02,S14,S15,03-09-2026,19:29,1
TKT04344,B303,R03,S22,S23,04-09-2026,08:41,2
TKT04345,B201,R02,S12,S02,05-09-2026,08:01,3
TKT04346,B103,R01,S08,S09,06-09-2026,19:20,2
TKT04347,B303,R03,S20,S21,07-09-2026,09:16,3
TKT04348,B202,R02,S02,S16,08-09-2026,19:31,4
TKT04349,B501,R05,S03,S20,09-09-2026,19:41,3
TKT04350,B302,R03,S06,S21,10-09-2026,08:26,2
TKT04351,B102,R01,S07,S08,11-09-2026,14:20,1
TKT04352,B401,R04,S05,S03,12-09-2026,06:10,2
TKT04353,B103,R01,S07,S08,13-09-2026,19:10,2
TKT04354,B203,R02,S02,S18,14-09-2026,09:57,4
TKT04355,B401,R04,S03,S01,01-09-2026,07:36,4
TKT04356,B301,R03,S19,S07,02-09-2026,11:05,1
TKT04357,B102,R01,S01,S05,03-09-2026,09:35,2
TKT04358,B302,R03,S06,S20,04-09-2026,08:07,4
TKT04359,B301,R03,S06,S20,05-09-2026,08:31,2
TKT04360,B101,R01,S07,S08,06-09-2026,21:24,2
TKT04361,B302,R03,S06,S07,07-09-2026,12:01,1
TKT04362,B301,R03,S16,S15,08-09-2026,07:47,3
TKT04363,B403,R04,S28,S01,09-09-2026,07:45,1
TKT04364,B301,R03,S19,S20,10-09-2026,08:26,2
TKT04365,B502,R05,S04,S20,11-09-2026,09:28,2
TKT04366,B401,R04,S05,S03,12-09-2026,18:00,2
TKT04367,B503,R05,S13,S20,13-09-2026,19:31,1
TKT04368,B403,R04,S07,S03,14-09-2026,17:43,3
TKT04369,B101,R01,S05,S08,01-09-2026,17:27,4
TKT04370,B303,R03,S15,S20,02-09-2026,09:56,2
TKT04371,B403,R04,S07,S05,03-09-2026,16:52,3
TKT04372,B403,R04,S24,S07,04-09-2026,15:29,1
TKT04373,B302,R03,S07,S20,05-09-2026,09:43,1
TKT04374,B101,R01,S05,S08,06-09-2026,07:16,2
TKT04375,B301,R03,S21,S22,07-09-2026,19:52,1
TKT04376,B103,R01,S01,S07,08-09-2026,19:34,1
TKT04377,B103,R01,S07,S09,09-09-2026,09:03,2
TKT04378,B302,R03,S16,S21,10-09-2026,19:44,3
TKT04379,B101,R01,S05,S07,11-09-2026,09:43,1
TKT04380,B203,R02,S14,S15,12-09-2026,18:15,3
TKT04381,B102,R01,S06,S08,13-09-2026,10:36,1
TKT04382,B401,R04,S06,S28,14-09-2026,13:31,2
TKT04383,B303,R03,S21,S23,01-09-2026,18:51,2
TKT04384,B101,R01,S06,S07,02-09-2026,14:56,1
TKT04385,B202,R02,S11,S12,03-09-2026,07:09,2
TKT04386,B101,R01,S02,S05,04-09-2026,07:46,2
TKT04387,B201,R02,S15,S16,05-09-2026,13:33,1
TKT04388,B503,R05,S11,S13,06-09-2026,17:34,3
TKT04389,B201,R02,S13,S02,07-09-2026,13:54,1
TKT04390,B101,R01,S02,S06,08-09-2026,19:08,2
TKT04391,B302,R03,S16,S15,09-09-2026,16:25,1
TKT04392,B102,R01,S01,S03,10-09-2026,17:10,2
TKT04393,B302,R03,S20,S22,11-09-2026,08:23,3
TKT04394,B102,R01,S02,S03,12-09-2026,19:02,2
TKT04395,B303,R03,S15,S20,13-09-2026,19:37,1
TKT04396,B203,R02,S13,S14,14-09-2026,09:41,2
TKT04397,B301,R03,S07,S21,01-09-2026,13:05,1
TKT04398,B303,R03,S07,S22,02-09-2026,06:04,2
TKT04399,B503,R05,S07,S20,03-09-2026,19:54,3
TKT04400,B101,R01,S06,S10,04-09-2026,08:51,1
TKT04401,B103,R01,S03,S05,05-09-2026,08:44,3
TKT04402,B302,R03,S21,S23,06-09-2026,17:49,2
TKT04403,B203,R02,S16,S17,07-09-2026,11:00,2
TKT04404,B201,R02,S17,S18,08-09-2026,08:20,4
TKT04405,B201,R02,S17,S18,09-09-2026,17:06,3
TKT04406,B302,R03,S22,S23,10-09-2026,07:46,1
TKT04407,B102,R01,S08,S09,11-09-2026,19:46,2
TKT04408,B201,R02,S02,S16,12-09-2026,14:54,1
TKT04409,B401,R04,S26,S07,13-09-2026,19:11,1
TKT04410,B103,R01,S02,S03,14-09-2026,13:55,1
TKT04411,B302,R03,S22,S23,01-09-2026,07:07,2
TKT04412,B302,R03,S16,S15,02-09-2026,18:26,1
TKT04413,B303,R03,S22,S23,03-09-2026,08:26,2
TKT04414,B203,R02,S11,S18,04-09-2026,20:02,1
TKT04415,B401,R04,S26,S03,05-09-2026,17:33,1
TKT04416,B501,R05,S30,S11,06-09-2026,09:37,1
TKT04417,B301,R03,S20,S22,07-09-2026,14:38,1
TKT04418,B201,R02,S16,S17,08-09-2026,09:32,3
TKT04419,B102,R01,S05,S09,09-09-2026,16:15,1
TKT04420,B101,R01,S08,S09,10-09-2026,18:37,1
TKT04421,B201,R02,S16,S18,11-09-2026,07:04,3
TKT04422,B401,R04,S25,S01,12-09-2026,09:35,2
TKT04423,B201,R02,S12,S14,13-09-2026,15:16,1
TKT04424,B401,R04,S05,S01,14-09-2026,18:27,1
TKT04425,B402,R04,S07,S05,01-09-2026,18:00,2
TKT04426,B403,R04,S25,S01,02-09-2026,19:40,2
TKT04427,B201,R02,S17,S18,03-09-2026,10:07,1
TKT04428,B102,R01,S03,S04,04-09-2026,19:32,2
TKT04429,B102,R01,S08,S10,05-09-2026,18:00,1
TKT04430,B101,R01,S01,S03,06-09-2026,18:35,1
TKT04431,B401,R04,S24,S25,07-09-2026,14:09,2
TKT04432,B403,R04,S24,S01,08-09-2026,09:09,2
TKT04433,B303,R03,S20,S22,09-09-2026,08:15,1
TKT04434,B103,R01,S05,S06,10-09-2026,18:47,1
TKT04435,B302,R03,S16,S06,11-09-2026,20:21,1
TKT04436,B302,R03,S19,S22,12-09-2026,18:48,1
TKT04437,B402,R04,S26,S03,13-09-2026,07:00,3
TKT04438,B301,R03,S20,S21,14-09-2026,17:43,3
TKT04439,B303,R03,S16,S19,01-09-2026,12:54,1
TKT04440,B203,R02,S02,S17,02-09-2026,08:12,2
TKT04441,B102,R01,S03,S08,03-09-2026,18:40,2
TKT04442,B201,R02,S14,S16,04-09-2026,16:04,1
TKT04443,B503,R05,S29,S04,05-09-2026,09:36,1
TKT04444,B101,R01,S04,S10,06-09-2026,16:36,1
TKT04445,B103,R01,S02,S04,07-09-2026,21:40,4
TKT04446,B101,R01,S07,S09,08-09-2026,18:04,3
TKT04447,B301,R03,S16,S07,09-09-2026,07:23,3
TKT04448,B103,R01,S08,S09,10-09-2026,08:07,2
TKT04449,B103,R01,S09,S10,11-09-2026,09:33,1
TKT04450,B403,R04,S03,S01,12-09-2026,19:16,1
TKT04451,B501,R05,S13,S02,13-09-2026,15:46,1
TKT04452,B303,R03,S22,S23,14-09-2026,11:23,1
TKT04453,B503,R05,S29,S11,01-09-2026,09:56,3
TKT04454,B102,R01,S02,S07,02-09-2026,07:55,2
TKT04455,B101,R01,S08,S09,03-09-2026,11:55,2
TKT04456,B302,R03,S20,S23,04-09-2026,18:57,2
TKT04457,B301,R03,S16,S06,05-09-2026,19:31,3
TKT04458,B301,R03,S06,S21,06-09-2026,18:44,2
TKT04459,B102,R01,S02,S05,07-09-2026,17:52,2
TKT04460,B503,R05,S03,S07,08-09-2026,18:23,3
TKT04461,B303,R03,S19,S21,09-09-2026,06:25,3
TKT04462,B503,R05,S07,S20,10-09-2026,08:41,1
TKT04463,B503,R05,S02,S03,11-09-2026,07:56,3
TKT04464,B302,R03,S20,S22,12-09-2026,07:01,2
TKT04465,B202,R02,S15,S17,13-09-2026,11:12,1
TKT04466,B403,R04,S05,S03,14-09-2026,08:23,3
TKT04467,B503,R05,S04,S07,01-09-2026,09:27,1
TKT04468,B503,R05,S31,S13,02-09-2026,07:17,2
TKT04469,B103,R01,S03,S04,03-09-2026,07:50,2
TKT04470,B301,R03,S07,S22,04-09-2026,12:52,3
TKT04471,B401,R04,S25,S03,05-09-2026,09:50,2
TKT04472,B402,R04,S24,S26,06-09-2026,09:21,3
TKT04473,B401,R04,S05,S28,07-09-2026,11:21,1
TKT04474,B303,R03,S07,S23,08-09-2026,12:49,1
TKT04475,B201,R02,S12,S14,09-09-2026,08:21,2
TKT04476,B403,R04,S05,S01,10-09-2026,18:40,2
TKT04477,B301,R03,S06,S07,11-09-2026,11:52,1
TKT04478,B102,R01,S03,S04,12-09-2026,08:45,3
TKT04479,B201,R02,S11,S16,13-09-2026,13:46,1
TKT04480,B301,R03,S06,S20,14-09-2026,09:49,4
TKT04481,B502,R05,S03,S07,01-09-2026,19:34,2
TKT04482,B103,R01,S05,S10,02-09-2026,13:43,2
TKT04483,B401,R04,S26,S01,03-09-2026,16:04,1
TKT04484,B101,R01,S07,S09,04-09-2026,10:12,2
TKT04485,B403,R04,S05,S01,05-09-2026,07:15,2
TKT04486,B502,R05,S07,S20,06-09-2026,07:48,2
TKT04487,B203,R02,S13,S14,07-09-2026,09:00,2
TKT04488,B102,R01,S05,S10,08-09-2026,19:11,1
TKT04489,B103,R01,S09,S10,09-09-2026,08:48,3
TKT04490,B503,R05,S11,S03,10-09-2026,17:42,4
TKT04491,B503,R05,S02,S07,11-09-2026,19:21,2
TKT04492,B402,R04,S03,S01,12-09-2026,19:05,2
TKT04493,B101,R01,S01,S02,13-09-2026,17:22,3
TKT04494,B101,R01,S05,S08,14-09-2026,17:03,2
TKT04495,B302,R03,S06,S07,01-09-2026,09:07,4
TKT04496,B201,R02,S11,S02,02-09-2026,08:28,2
TKT04497,B103,R01,S04,S05,03-09-2026,11:38,1
TKT04498,B102,R01,S08,S09,04-09-2026,12:40,1
TKT04499,B101,R01,S07,S08,05-09-2026,09:26,2
TKT04500,B303,R03,S22,S23,06-09-2026,13:11,2
TKT04501,B403,R04,S07,S03,07-09-2026,18:01,1
TKT04502,B303,R03,S07,S23,08-09-2026,07:07,2
TKT04503,B203,R02,S16,S17,09-09-2026,12:47,1
TKT04504,B101,R01,S05,S06,10-09-2026,17:26,1
TKT04505,B402,R04,S26,S06,11-09-2026,09:44,2
TKT04506,B103,R01,S06,S07,12-09-2026,09:47,1
TKT04507,B303,R03,S16,S07,13-09-2026,16:29,3
TKT04508,B503,R05,S13,S07,14-09-2026,16:22,2
TKT04509,B102,R01,S08,S09,01-09-2026,13:10,2
TKT04510,B103,R01,S02,S07,02-09-2026,09:23,2
TKT04511,B301,R03,S20,S23,03-09-2026,17:54,5
TKT04512,B103,R01,S06,S09,04-09-2026,17:24,2
TKT04513,B501,R05,S30,S07,05-09-2026,18:02,2
TKT04514,B303,R03,S22,S23,06-09-2026,08:36,3
TKT04515,B303,R03,S16,S06,07-09-2026,09:30,3
TKT04516,B302,R03,S06,S20,08-09-2026,08:14,1
TKT04517,B402,R04,S06,S03,09-09-2026,17:03,1
TKT04518,B301,R03,S22,S23,10-09-2026,16:28,2
TKT04519,B402,R04,S05,S01,11-09-2026,10:23,1
TKT04520,B102,R01,S02,S04,12-09-2026,09:34,1
TKT04521,B203,R02,S11,S13,13-09-2026,13:38,1
TKT04522,B503,R05,S13,S07,14-09-2026,14:50,1
TKT04523,B103,R01,S09,S10,01-09-2026,14:18,1
TKT04524,B201,R02,S13,S15,02-09-2026,07:54,2
TKT04525,B102,R01,S03,S09,03-09-2026,06:25,1
TKT04526,B302,R03,S21,S22,04-09-2026,17:01,3
TKT04527,B203,R02,S13,S14,05-09-2026,09:05,3
TKT04528,B403,R04,S25,S07,06-09-2026,06:41,2
TKT04529,B501,R05,S07,S20,07-09-2026,14:30,1
TKT04530,B403,R04,S06,S28,08-09-2026,17:46,1
TKT04531,B302,R03,S06,S20,09-09-2026,09:50,3
TKT04532,B101,R01,S02,S07,10-09-2026,19:38,1
TKT04533,B402,R04,S03,S01,11-09-2026,07:56,2
TKT04534,B103,R01,S07,S10,12-09-2026,08:16,2
TKT04535,B201,R02,S16,S18,13-09-2026,07:18,1
TKT04536,B302,R03,S19,S06,14-09-2026,19:02,2
TKT04537,B101,R01,S07,S08,01-09-2026,14:55,2
TKT04538,B503,R05,S02,S04,02-09-2026,09:16,4
TKT04539,B403,R04,S25,S07,03-09-2026,17:36,2
TKT04540,B301,R03,S06,S07,04-09-2026,17:52,1
TKT04541,B501,R05,S02,S20,05-09-2026,17:43,4
TKT04542,B503,R05,S07,S20,06-09-2026,09:22,2
TKT04543,B202,R02,S11,S12,07-09-2026,17:19,2
TKT04544,B102,R01,S03,S04,08-09-2026,17:40,3
TKT04545,B101,R01,S04,S10,09-09-2026,08:28,1
TKT04546,B401,R04,S03,S28,10-09-2026,18:51,2
TKT04547,B302,R03,S07,S23,11-09-2026,12:33,2
TKT04548,B103,R01,S02,S07,12-09-2026,08:51,3
TKT04549,B202,R02,S02,S15,13-09-2026,14:05,3
TKT04550,B403,R04,S28,S01,14-09-2026,19:45,1
TKT04551,B301,R03,S20,S22,01-09-2026,09:50,3
TKT04552,B302,R03,S07,S20,02-09-2026,17:34,4
TKT04553,B302,R03,S16,S19,03-09-2026,19:00,3
TKT04554,B201,R02,S13,S16,04-09-2026,13:50,2
TKT04555,B403,R04,S24,S07,05-09-2026,10:24,1
TKT04556,B402,R04,S24,S28,06-09-2026,08:38,2
TKT04557,B401,R04,S07,S05,07-09-2026,09:45,1
TKT04558,B201,R02,S13,S15,08-09-2026,08:20,1
TKT04559,B403,R04,S26,S05,09-09-2026,18:53,3
TKT04560,B403,R04,S05,S03,10-09-2026,08:41,2
TKT04561,B103,R01,S06,S07,11-09-2026,13:36,1
TKT04562,B301,R03,S15,S07,12-09-2026,16:31,1
TKT04563,B402,R04,S06,S03,13-09-2026,14:25,1
TKT04564,B403,R04,S07,S01,14-09-2026,10:54,1
TKT04565,B103,R01,S09,S10,01-09-2026,17:28,3
TKT04566,B402,R04,S03,S01,02-09-2026,08:11,1
TKT04567,B203,R02,S13,S15,03-09-2026,09:35,2
TKT04568,B101,R01,S08,S09,04-09-2026,14:06,2
TKT04569,B303,R03,S20,S21,05-09-2026,13:35,1
TKT04570,B102,R01,S09,S10,06-09-2026,19:22,1
TKT04571,B501,R05,S07,S20,07-09-2026,07:25,2
TKT04572,B303,R03,S15,S06,08-09-2026,08:39,1
TKT04573,B301,R03,S19,S21,09-09-2026,07:50,1
TKT04574,B301,R03,S22,S23,10-09-2026,06:58,1
TKT04575,B301,R03,S19,S06,11-09-2026,21:34,1
TKT04576,B102,R01,S05,S07,12-09-2026,21:09,1
TKT04577,B301,R03,S16,S06,13-09-2026,21:12,1
TKT04578,B303,R03,S22,S23,14-09-2026,07:28,2
TKT04579,B402,R04,S24,S03,01-09-2026,17:05,2
TKT04580,B501,R05,S02,S04,02-09-2026,17:30,2
TKT04581,B403,R04,S03,S01,03-09-2026,07:03,4
TKT04582,B301,R03,S15,S19,04-09-2026,21:43,1
TKT04583,B202,R02,S14,S18,05-09-2026,07:22,3
TKT04584,B302,R03,S15,S19,06-09-2026,17:04,2
TKT04585,B203,R02,S16,S17,07-09-2026,12:22,1
TKT04586,B403,R04,S26,S05,08-09-2026,13:53,1
TKT04587,B302,R03,S19,S21,09-09-2026,08:11,2
TKT04588,B201,R02,S11,S15,10-09-2026,19:24,1
TKT04589,B102,R01,S02,S06,11-09-2026,09:47,1
TKT04590,B103,R01,S03,S05,12-09-2026,17:25,2
TKT04591,B502,R05,S31,S13,13-09-2026,07:31,1
TKT04592,B103,R01,S05,S08,14-09-2026,07:58,2
TKT04593,B101,R01,S06,S09,01-09-2026,13:53,1
TKT04594,B202,R02,S13,S02,02-09-2026,07:01,1
TKT04595,B503,R05,S03,S20,03-09-2026,09:58,1
TKT04596,B102,R01,S04,S05,04-09-2026,07:57,1
TKT04597,B103,R01,S02,S05,05-09-2026,16:23,2
TKT04598,B503,R05,S29,S04,06-09-2026,09:12,2
TKT04599,B203,R02,S14,S16,07-09-2026,13:16,1
TKT04600,B502,R05,S13,S02,08-09-2026,09:45,3
TKT04601,B202,R02,S17,S18,09-09-2026,17:24,1
TKT04602,B303,R03,S16,S06,10-09-2026,18:53,4
TKT04603,B401,R04,S03,S01,11-09-2026,09:04,3
TKT04604,B301,R03,S19,S22,12-09-2026,17:59,2
TKT04605,B303,R03,S20,S22,13-09-2026,08:09,4
TKT04606,B201,R02,S16,S17,14-09-2026,09:24,1
TKT04607,B201,R02,S02,S15,01-09-2026,18:48,3
TKT04608,B201,R02,S13,S16,02-09-2026,09:33,2
TKT04609,B102,R01,S07,S09,03-09-2026,09:55,3
TKT04610,B301,R03,S20,S23,04-09-2026,13:35,1
TKT04611,B203,R02,S16,S17,05-09-2026,18:06,1
TKT04612,B301,R03,S15,S06,06-09-2026,06:39,2
TKT04613,B502,R05,S30,S03,07-09-2026,10:44,1
TKT04614,B202,R02,S11,S17,08-09-2026,19:07,3
TKT04615,B402,R04,S26,S01,09-09-2026,13:41,1
TKT04616,B403,R04,S24,S03,10-09-2026,09:22,1
TKT04617,B103,R01,S01,S04,11-09-2026,19:21,1
TKT04618,B401,R04,S24,S07,12-09-2026,19:05,2
TKT04619,B103,R01,S06,S07,13-09-2026,19:12,2
TKT04620,B303,R03,S20,S21,14-09-2026,18:58,1
TKT04621,B103,R01,S08,S10,01-09-2026,09:03,5
TKT04622,B401,R04,S03,S28,02-09-2026,13:27,1
TKT04623,B402,R04,S03,S01,03-09-2026,18:00,1
TKT04624,B103,R01,S03,S05,04-09-2026,18:57,2
TKT04625,B501,R05,S04,S07,05-09-2026,10:03,2
TKT04626,B401,R04,S03,S28,06-09-2026,13:18,1
TKT04627,B301,R03,S16,S15,07-09-2026,07:07,2
TKT04628,B502,R05,S04,S20,08-09-2026,19:43,5
TKT04629,B502,R05,S13,S07,09-09-2026,12:50,1
TKT04630,B401,R04,S03,S01,10-09-2026,08:27,2
TKT04631,B203,R02,S14,S16,11-09-2026,10:29,1
TKT04632,B403,R04,S06,S01,12-09-2026,17:39,3
TKT04633,B201,R02,S13,S02,13-09-2026,15:37,5
TKT04634,B102,R01,S07,S08,14-09-2026,07:34,3
TKT04635,B401,R04,S24,S25,01-09-2026,19:50,4
TKT04636,B101,R01,S06,S08,02-09-2026,21:44,2
TKT04637,B201,R02,S15,S17,03-09-2026,16:44,1
TKT04638,B402,R04,S06,S28,04-09-2026,09:55,2
TKT04639,B202,R02,S15,S16,05-09-2026,13:17,1
TKT04640,B103,R01,S02,S05,06-09-2026,08:59,2
TKT04641,B402,R04,S24,S28,07-09-2026,09:22,3
TKT04642,B103,R01,S05,S07,08-09-2026,18:22,4
TKT04643,B501,R05,S13,S03,09-09-2026,17:15,1
TKT04644,B401,R04,S03,S01,10-09-2026,19:59,1
TKT04645,B502,R05,S29,S11,11-09-2026,07:36,4
TKT04646,B403,R04,S03,S01,12-09-2026,09:27,3
TKT04647,B102,R01,S02,S09,13-09-2026,10:58,1
TKT04648,B203,R02,S02,S15,14-09-2026,10:50,1
TKT04649,B403,R04,S06,S01,01-09-2026,16:44,1
TKT04650,B502,R05,S02,S04,02-09-2026,08:13,3
TKT04651,B301,R03,S16,S06,03-09-2026,21:08,1
TKT04652,B101,R01,S05,S08,04-09-2026,18:14,3
TKT04653,B202,R02,S17,S18,05-09-2026,19:10,3
TKT04654,B103,R01,S08,S09,06-09-2026,19:15,1
TKT04655,B501,R05,S04,S20,07-09-2026,08:49,1
TKT04656,B201,R02,S13,S14,08-09-2026,08:24,2
TKT04657,B202,R02,S14,S17,09-09-2026,19:19,2
TKT04658,B302,R03,S06,S07,10-09-2026,17:15,2
TKT04659,B202,R02,S02,S18,11-09-2026,11:32,3
TKT04660,B401,R04,S26,S06,12-09-2026,07:12,5
TKT04661,B303,R03,S16,S07,13-09-2026,19:00,1
TKT04662,B102,R01,S01,S09,14-09-2026,09:34,3
TKT04663,B203,R02,S12,S13,01-09-2026,12:23,1
TKT04664,B301,R03,S20,S23,02-09-2026,18:25,3
TKT04665,B102,R01,S09,S10,03-09-2026,18:35,1
TKT04666,B203,R02,S13,S02,04-09-2026,08:51,3
TKT04667,B103,R01,S09,S10,05-09-2026,18:20,3
TKT04668,B103,R01,S02,S07,06-09-2026,08:58,1
TKT04669,B201,R02,S15,S16,07-09-2026,15:43,1
TKT04670,B501,R05,S11,S02,08-09-2026,19:13,2
TKT04671,B203,R02,S14,S18,09-09-2026,18:03,2
TKT04672,B102,R01,S07,S09,10-09-2026,08:32,2
TKT04673,B102,R01,S02,S05,11-09-2026,07:31,2
TKT04674,B201,R02,S15,S16,12-09-2026,17:53,2
TKT04675,B101,R01,S02,S05,13-09-2026,18:40,1
TKT04676,B302,R03,S16,S23,14-09-2026,13:01,1
TKT04677,B102,R01,S02,S05,01-09-2026,07:01,2
TKT04678,B203,R02,S16,S17,02-09-2026,13:27,2
TKT04679,B501,R05,S03,S20,03-09-2026,18:11,1
TKT04680,B201,R02,S12,S02,04-09-2026,21:34,1
TKT04681,B101,R01,S04,S09,05-09-2026,08:57,2
TKT04682,B401,R04,S28,S01,06-09-2026,07:48,2
TKT04683,B103,R01,S06,S07,07-09-2026,18:49,3
TKT04684,B303,R03,S19,S06,08-09-2026,10:25,1
TKT04685,B503,R05,S13,S07,09-09-2026,17:53,1
TKT04686,B301,R03,S19,S21,10-09-2026,07:11,1
TKT04687,B502,R05,S07,S20,11-09-2026,17:19,2
TKT04688,B401,R04,S25,S05,12-09-2026,15:48,1
TKT04689,B301,R03,S16,S06,13-09-2026,07:56,3
TKT04690,B102,R01,S07,S08,14-09-2026,09:07,2
TKT04691,B102,R01,S01,S06,01-09-2026,11:59,1
TKT04692,B201,R02,S16,S17,02-09-2026,18:41,2
TKT04693,B301,R03,S07,S22,03-09-2026,09:12,3
TKT04694,B101,R01,S04,S09,04-09-2026,08:26,2
TKT04695,B101,R01,S02,S05,05-09-2026,17:59,2
TKT04696,B501,R05,S30,S02,06-09-2026,07:36,3
TKT04697,B202,R02,S02,S14,07-09-2026,19:52,2
TKT04698,B501,R05,S07,S20,08-09-2026,09:18,3
TKT04699,B403,R04,S05,S28,09-09-2026,17:33,4
TKT04700,B302,R03,S22,S23,10-09-2026,11:52,1
TKT04701,B203,R02,S14,S16,11-09-2026,17:52,2
TKT04702,B103,R01,S02,S06,12-09-2026,08:20,1
TKT04703,B402,R04,S06,S28,13-09-2026,19:45,1
TKT04704,B201,R02,S17,S18,14-09-2026,10:15,1
TKT04705,B202,R02,S15,S17,01-09-2026,18:53,2
TKT04706,B103,R01,S08,S10,02-09-2026,17:34,3
TKT04707,B303,R03,S19,S20,03-09-2026,08:04,2
TKT04708,B403,R04,S26,S03,04-09-2026,08:37,3
TKT04709,B301,R03,S22,S23,05-09-2026,12:21,2
TKT04710,B303,R03,S20,S21,06-09-2026,08:13,2
TKT04711,B401,R04,S24,S25,07-09-2026,09:38,4
TKT04712,B102,R01,S09,S10,08-09-2026,19:52,4
TKT04713,B101,R01,S04,S06,09-09-2026,08:55,1
TKT04714,B102,R01,S03,S09,10-09-2026,15:12,1
TKT04715,B303,R03,S16,S20,11-09-2026,08:24,4
TKT04716,B301,R03,S16,S06,12-09-2026,16:20,1
TKT04717,B101,R01,S05,S07,13-09-2026,19:39,2
TKT04718,B403,R04,S03,S01,14-09-2026,17:38,1
TKT04719,B401,R04,S25,S03,01-09-2026,18:24,2
TKT04720,B102,R01,S07,S09,02-09-2026,18:13,4
TKT04721,B102,R01,S04,S05,03-09-2026,19:48,2
TKT04722,B402,R04,S07,S06,04-09-2026,17:04,2
TKT04723,B303,R03,S19,S20,05-09-2026,09:11,3
TKT04724,B101,R01,S03,S04,06-09-2026,08:12,1
TKT04725,B202,R02,S17,S18,07-09-2026,13:02,2
TKT04726,B202,R02,S02,S16,08-09-2026,19:27,1
TKT04727,B103,R01,S09,S10,09-09-2026,17:46,2
TKT04728,B302,R03,S20,S23,10-09-2026,11:16,2
TKT04729,B403,R04,S24,S07,11-09-2026,09:55,2
TKT04730,B203,R02,S13,S17,12-09-2026,18:42,2
TKT04731,B501,R05,S11,S02,13-09-2026,09:18,5
TKT04732,B101,R01,S09,S10,14-09-2026,19:47,3
TKT04733,B101,R01,S01,S03,01-09-2026,17:33,4
TKT04734,B101,R01,S07,S10,02-09-2026,09:23,2
TKT04735,B501,R05,S04,S20,03-09-2026,08:38,1
TKT04736,B103,R01,S02,S06,04-09-2026,17:45,2
TKT04737,B201,R02,S13,S16,05-09-2026,08:31,1
TKT04738,B402,R04,S24,S26,06-09-2026,08:01,2
TKT04739,B403,R04,S25,S05,07-09-2026,15:46,3
TKT04740,B403,R04,S03,S28,08-09-2026,14:44,1
TKT04741,B102,R01,S05,S08,09-09-2026,11:12,4
TKT04742,B301,R03,S19,S07,10-09-2026,18:23,3
TKT04743,B201,R02,S11,S14,11-09-2026,09:04,1
TKT04744,B303,R03,S07,S22,12-09-2026,16:32,1
TKT04745,B402,R04,S26,S03,13-09-2026,17:45,1
TKT04746,B502,R05,S04,S20,14-09-2026,21:39,1
TKT04747,B303,R03,S20,S22,01-09-2026,17:33,4
TKT04748,B303,R03,S16,S23,02-09-2026,13:14,1
TKT04749,B202,R02,S13,S02,03-09-2026,10:27,1
TKT04750,B103,R01,S05,S10,04-09-2026,11:15,1
TKT04751,B403,R04,S07,S03,05-09-2026,19:52,2
TKT04752,B201,R02,S17,S18,06-09-2026,11:08,1
TKT04753,B503,R05,S02,S03,07-09-2026,13:08,2
TKT04754,B302,R03,S21,S23,08-09-2026,16:41,1
TKT04755,B302,R03,S15,S19,09-09-2026,17:31,1
TKT04756,B103,R01,S09,S10,10-09-2026,19:27,2
TKT04757,B201,R02,S16,S17,11-09-2026,12:34,2
TKT04758,B202,R02,S14,S15,12-09-2026,09:19,2
TKT04759,B101,R01,S06,S07,13-09-2026,07:11,3
TKT04760,B101,R01,S08,S09,14-09-2026,09:29,2
TKT04761,B301,R03,S15,S07,01-09-2026,19:23,3
TKT04762,B103,R01,S05,S07,02-09-2026,07:45,3
TKT04763,B201,R02,S12,S02,03-09-2026,08:28,3
TKT04764,B201,R02,S14,S16,04-09-2026,19:58,2
TKT04765,B501,R05,S13,S02,05-09-2026,07:46,2
TKT04766,B301,R03,S16,S23,06-09-2026,11:41,3
TKT04767,B402,R04,S05,S28,07-09-2026,12:02,1
TKT04768,B402,R04,S06,S05,08-09-2026,16:01,2
TKT04769,B403,R04,S25,S05,09-09-2026,08:59,2
TKT04770,B201,R02,S12,S14,10-09-2026,12:24,3
TKT04771,B102,R01,S07,S09,11-09-2026,13:39,1
TKT04772,B101,R01,S04,S09,12-09-2026,07:31,2
TKT04773,B203,R02,S11,S16,13-09-2026,09:07,3
TKT04774,B102,R01,S08,S10,14-09-2026,18:01,4
TKT04775,B102,R01,S02,S03,01-09-2026,11:09,1
TKT04776,B202,R02,S14,S15,02-09-2026,08:58,3
TKT04777,B303,R03,S06,S22,03-09-2026,12:13,1
TKT04778,B403,R04,S03,S01,04-09-2026,08:25,4
TKT04779,B202,R02,S14,S16,05-09-2026,17:17,1
TKT04780,B203,R02,S16,S18,06-09-2026,14:25,4
TKT04781,B302,R03,S21,S23,07-09-2026,19:36,1
TKT04782,B102,R01,S03,S05,08-09-2026,17:37,1
TKT04783,B501,R05,S11,S02,09-09-2026,17:11,2
TKT04784,B403,R04,S03,S28,10-09-2026,19:34,2
TKT04785,B402,R04,S28,S01,11-09-2026,17:56,3
TKT04786,B101,R01,S02,S04,12-09-2026,07:49,3
TKT04787,B401,R04,S24,S01,13-09-2026,09:45,5
TKT04788,B201,R02,S15,S17,14-09-2026,17:23,2
TKT04789,B101,R01,S01,S02,01-09-2026,18:32,2
TKT04790,B103,R01,S04,S08,02-09-2026,09:42,2
TKT04791,B503,R05,S07,S20,03-09-2026,19:54,1
TKT04792,B103,R01,S03,S10,04-09-2026,16:02,1
TKT04793,B101,R01,S07,S10,05-09-2026,09:44,2
TKT04794,B302,R03,S16,S06,06-09-2026,13:34,2
TKT04795,B203,R02,S17,S18,07-09-2026,19:37,3
TKT04796,B302,R03,S16,S07,08-09-2026,19:40,2
TKT04797,B102,R01,S03,S04,09-09-2026,14:35,4
TKT04798,B101,R01,S02,S06,10-09-2026,14:00,1
TKT04799,B501,R05,S29,S04,11-09-2026,18:22,2
TKT04800,B201,R02,S12,S14,12-09-2026,19:14,1
TKT04801,B403,R04,S24,S05,13-09-2026,17:36,3
TKT04802,B203,R02,S17,S18,14-09-2026,18:52,2
TKT04803,B302,R03,S20,S23,01-09-2026,07:18,2
TKT04804,B301,R03,S19,S22,02-09-2026,15:45,1
TKT04805,B202,R02,S16,S18,03-09-2026,10:49,1
TKT04806,B503,R05,S29,S13,04-09-2026,17:54,2
TKT04807,B301,R03,S21,S22,05-09-2026,19:58,2
TKT04808,B402,R04,S25,S01,06-09-2026,08:13,2
TKT04809,B102,R01,S02,S05,07-09-2026,07:41,3
TKT04810,B502,R05,S07,S20,08-09-2026,07:02,2
TKT04811,B203,R02,S16,S17,09-09-2026,17:22,1
TKT04812,B302,R03,S16,S07,10-09-2026,17:30,1
TKT04813,B302,R03,S21,S23,11-09-2026,17:23,1
TKT04814,B401,R04,S05,S03,12-09-2026,12:21,1
TKT04815,B301,R03,S16,S15,13-09-2026,07:17,3
TKT04816,B102,R01,S04,S09,14-09-2026,19:55,1
TKT04817,B103,R01,S07,S09,01-09-2026,17:09,2
TKT04818,B402,R04,S03,S01,02-09-2026,10:30,1
TKT04819,B401,R04,S24,S28,03-09-2026,08:27,4
TKT04820,B501,R05,S29,S30,04-09-2026,18:43,3
TKT04821,B101,R01,S07,S09,05-09-2026,08:27,3
TKT04822,B302,R03,S21,S22,06-09-2026,14:19,3
TKT04823,B102,R01,S05,S06,07-09-2026,15:46,1
TKT04824,B303,R03,S20,S22,08-09-2026,08:24,2
TKT04825,B502,R05,S04,S20,09-09-2026,14:11,2
TKT04826,B201,R02,S15,S17,10-09-2026,12:58,1
TKT04827,B202,R02,S15,S18,11-09-2026,18:41,3
TKT04828,B201,R02,S17,S18,12-09-2026,09:00,2
TKT04829,B103,R01,S09,S10,13-09-2026,17:01,2
TKT04830,B102,R01,S04,S06,14-09-2026,17:22,2
TKT04831,B302,R03,S15,S19,01-09-2026,18:52,2
TKT04832,B501,R05,S13,S04,02-09-2026,17:20,4
TKT04833,B202,R02,S16,S17,03-09-2026,07:40,1
TKT04834,B202,R02,S14,S15,04-09-2026,18:48,3
TKT04835,B203,R02,S11,S02,05-09-2026,14:27,1
TKT04836,B201,R02,S02,S18,06-09-2026,10:09,2
TKT04837,B501,R05,S07,S20,07-09-2026,19:47,1
TKT04838,B301,R03,S15,S06,08-09-2026,06:30,2
TKT04839,B502,R05,S07,S20,09-09-2026,18:43,1
TKT04840,B203,R02,S17,S18,10-09-2026,19:12,2
TKT04841,B401,R04,S07,S05,11-09-2026,18:54,3
TKT04842,B303,R03,S21,S22,12-09-2026,12:50,2
TKT04843,B303,R03,S19,S22,13-09-2026,13:17,2
TKT04844,B503,R05,S07,S20,14-09-2026,12:29,1
TKT04845,B403,R04,S03,S01,01-09-2026,08:45,4
TKT04846,B103,R01,S01,S04,02-09-2026,12:01,1
TKT04847,B403,R04,S25,S26,03-09-2026,17:52,1
TKT04848,B501,R05,S11,S07,04-09-2026,15:03,3
TKT04849,B501,R05,S11,S02,05-09-2026,09:05,2
TKT04850,B302,R03,S21,S23,06-09-2026,12:45,2
TKT04851,B402,R04,S28,S01,07-09-2026,11:29,1
TKT04852,B103,R01,S07,S09,08-09-2026,15:44,1
TKT04853,B102,R01,S01,S06,09-09-2026,09:50,2
TKT04854,B102,R01,S08,S09,10-09-2026,06:55,1
TKT04855,B202,R02,S13,S02,11-09-2026,18:16,2
TKT04856,B103,R01,S01,S05,12-09-2026,09:46,3
TKT04857,B203,R02,S16,S18,13-09-2026,16:25,1
TKT04858,B303,R03,S20,S22,14-09-2026,19:23,2
TKT04859,B203,R02,S16,S17,01-09-2026,19:15,5
TKT04860,B201,R02,S17,S18,02-09-2026,09:53,2
TKT04861,B402,R04,S05,S01,03-09-2026,10:21,1
TKT04862,B202,R02,S17,S18,04-09-2026,19:52,2
TKT04863,B301,R03,S20,S22,05-09-2026,07:23,2
TKT04864,B203,R02,S14,S15,06-09-2026,13:33,5
TKT04865,B502,R05,S03,S04,07-09-2026,18:52,3
TKT04866,B303,R03,S16,S15,08-09-2026,19:12,4
TKT04867,B302,R03,S15,S19,09-09-2026,09:34,2
TKT04868,B203,R02,S02,S15,10-09-2026,18:29,2
TKT04869,B302,R03,S22,S23,11-09-2026,07:39,1
TKT04870,B402,R04,S24,S07,12-09-2026,11:30,1
TKT04871,B302,R03,S19,S22,13-09-2026,19:35,3
TKT04872,B302,R03,S21,S23,14-09-2026,11:09,1
TKT04873,B303,R03,S22,S23,01-09-2026,07:03,3
TKT04874,B403,R04,S05,S03,02-09-2026,16:32,1
TKT04875,B103,R01,S09,S10,03-09-2026,16:42,1
TKT04876,B302,R03,S21,S22,04-09-2026,12:09,1
TKT04877,B401,R04,S26,S05,05-09-2026,07:46,2
TKT04878,B502,R05,S02,S04,06-09-2026,10:44,1
TKT04879,B201,R02,S02,S17,07-09-2026,13:57,3
TKT04880,B201,R02,S02,S14,08-09-2026,18:12,4
TKT04881,B102,R01,S05,S08,09-09-2026,10:15,3
TKT04882,B103,R01,S05,S06,10-09-2026,09:32,4
TKT04883,B501,R05,S02,S03,11-09-2026,07:34,2
TKT04884,B102,R01,S01,S07,12-09-2026,10:54,1
TKT04885,B502,R05,S02,S04,13-09-2026,17:32,1
TKT04886,B202,R02,S13,S02,14-09-2026,10:48,1
TKT04887,B101,R01,S01,S10,01-09-2026,19:09,1
TKT04888,B201,R02,S12,S13,02-09-2026,11:42,3
TKT04889,B301,R03,S21,S22,03-09-2026,10:37,3
TKT04890,B102,R01,S08,S10,04-09-2026,09:51,5
TKT04891,B303,R03,S16,S15,05-09-2026,09:46,4
TKT04892,B302,R03,S15,S23,06-09-2026,10:32,1
TKT04893,B303,R03,S22,S23,07-09-2026,12:42,2
TKT04894,B502,R05,S02,S07,08-09-2026,17:30,2
TKT04895,B503,R05,S29,S30,09-09-2026,08:05,2
TKT04896,B501,R05,S11,S07,10-09-2026,19:45,1
TKT04897,B201,R02,S15,S17,11-09-2026,06:48,1
TKT04898,B101,R01,S06,S07,12-09-2026,07:25,3
TKT04899,B303,R03,S21,S22,13-09-2026,14:39,1
TKT04900,B403,R04,S03,S01,14-09-2026,12:52,4
TKT04901,B301,R03,S06,S20,01-09-2026,08:56,1
TKT04902,B501,R05,S02,S03,02-09-2026,17:18,2
TKT04903,B302,R03,S22,S23,03-09-2026,07:26,1
TKT04904,B301,R03,S20,S21,04-09-2026,09:24,2
TKT04905,B402,R04,S26,S06,05-09-2026,07:20,2
TKT04906,B401,R04,S06,S01,06-09-2026,16:59,1
TKT04907,B103,R01,S05,S08,07-09-2026,17:48,2
TKT04908,B101,R01,S05,S08,08-09-2026,11:40,2
TKT04909,B303,R03,S06,S23,09-09-2026,09:34,2
TKT04910,B403,R04,S24,S05,10-09-2026,09:20,1
TKT04911,B301,R03,S20,S22,11-09-2026,08:02,3
TKT04912,B303,R03,S07,S20,12-09-2026,17:15,2
TKT04913,B501,R05,S03,S20,13-09-2026,11:45,2
TKT04914,B502,R05,S11,S13,14-09-2026,19:49,1
TKT04915,B203,R02,S12,S02,01-09-2026,09:19,3
TKT04916,B301,R03,S07,S22,02-09-2026,17:15,4
TKT04917,B101,R01,S01,S03,03-09-2026,18:51,2
TKT04918,B203,R02,S14,S15,04-09-2026,18:06,1
TKT04919,B103,R01,S02,S08,05-09-2026,08:18,3
TKT04920,B101,R01,S01,S05,06-09-2026,18:41,2
TKT04921,B102,R01,S02,S07,07-09-2026,11:04,1
TKT04922,B302,R03,S07,S20,08-09-2026,13:39,5
TKT04923,B402,R04,S06,S05,09-09-2026,18:20,2
TKT04924,B402,R04,S03,S01,10-09-2026,18:01,1
TKT04925,B502,R05,S03,S07,11-09-2026,07:00,1
TKT04926,B101,R01,S09,S10,12-09-2026,11:46,2
TKT04927,B303,R03,S16,S15,13-09-2026,13:51,2
TKT04928,B303,R03,S16,S15,14-09-2026,07:54,4
TKT04929,B301,R03,S16,S07,01-09-2026,08:34,3
TKT04930,B102,R01,S09,S10,02-09-2026,07:45,2
TKT04931,B102,R01,S06,S07,03-09-2026,10:03,1
TKT04932,B402,R04,S26,S07,04-09-2026,08:43,2
TKT04933,B201,R02,S16,S17,05-09-2026,09:33,1
TKT04934,B403,R04,S05,S01,06-09-2026,18:04,2
TKT04935,B101,R01,S07,S09,07-09-2026,06:29,1
TKT04936,B201,R02,S15,S17,08-09-2026,08:48,2
TKT04937,B501,R05,S11,S02,09-09-2026,14:38,1
TKT04938,B301,R03,S06,S22,10-09-2026,14:20,2
TKT04939,B101,R01,S07,S09,11-09-2026,07:16,4
TKT04940,B201,R02,S16,S17,12-09-2026,09:09,2
TKT04941,B201,R02,S15,S18,13-09-2026,09:20,2
TKT04942,B403,R04,S05,S28,14-09-2026,14:24,1
TKT04943,B103,R01,S04,S07,01-09-2026,07:52,3
TKT04944,B403,R04,S07,S05,02-09-2026,15:08,1
TKT04945,B101,R01,S08,S09,03-09-2026,17:42,1
TKT04946,B202,R02,S13,S17,04-09-2026,18:16,4
TKT04947,B203,R02,S14,S16,05-09-2026,07:48,2
TKT04948,B203,R02,S11,S16,06-09-2026,20:39,1
TKT04949,B303,R03,S21,S23,07-09-2026,15:20,4
TKT04950,B201,R02,S14,S17,08-09-2026,19:35,3
TKT04951,B503,R05,S07,S20,09-09-2026,16:45,1
TKT04952,B203,R02,S02,S14,10-09-2026,17:10,3
TKT04953,B502,R05,S30,S31,11-09-2026,20:41,2
TKT04954,B103,R01,S07,S08,12-09-2026,13:56,2
TKT04955,B303,R03,S16,S15,13-09-2026,19:01,3
TKT04956,B401,R04,S03,S01,14-09-2026,11:34,1
TKT04957,B301,R03,S07,S22,01-09-2026,17:05,2
TKT04958,B502,R05,S03,S04,02-09-2026,10:08,1
TKT04959,B402,R04,S28,S01,03-09-2026,13:32,2
TKT04960,B102,R01,S07,S09,04-09-2026,20:13,1
TKT04961,B301,R03,S06,S20,05-09-2026,15:46,2
TKT04962,B103,R01,S05,S07,06-09-2026,17:52,2
TKT04963,B503,R05,S13,S02,07-09-2026,14:44,1
TKT04964,B203,R02,S11,S17,08-09-2026,17:50,1
TKT04965,B101,R01,S01,S09,09-09-2026,15:16,1
TKT04966,B202,R02,S02,S15,10-09-2026,07:55,2
TKT04967,B503,R05,S02,S03,11-09-2026,18:24,2
TKT04968,B503,R05,S11,S04,12-09-2026,12:00,1
TKT04969,B503,R05,S02,S07,13-09-2026,18:08,1
TKT04970,B103,R01,S08,S10,14-09-2026,08:28,3
TKT04971,B103,R01,S09,S10,01-09-2026,18:35,5
TKT04972,B302,R03,S21,S23,02-09-2026,19:13,2
TKT04973,B402,R04,S05,S03,03-09-2026,07:58,4
TKT04974,B201,R02,S11,S17,04-09-2026,08:19,2
TKT04975,B401,R04,S03,S01,05-09-2026,08:17,2
TKT04976,B503,R05,S31,S03,06-09-2026,21:55,1
TKT04977,B201,R02,S15,S17,07-09-2026,18:17,2
TKT04978,B303,R03,S22,S23,08-09-2026,09:04,2
TKT04979,B101,R01,S06,S09,09-09-2026,09:57,3
TKT04980,B403,R04,S03,S28,10-09-2026,18:17,1
TKT04981,B503,R05,S04,S07,11-09-2026,18:09,1
TKT04982,B503,R05,S11,S02,12-09-2026,08:50,1
TKT04983,B403,R04,S24,S05,13-09-2026,16:03,1
TKT04984,B103,R01,S08,S09,14-09-2026,09:47,3
TKT04985,B401,R04,S24,S01,01-09-2026,19:55,2
TKT04986,B502,R05,S07,S20,02-09-2026,07:48,3
TKT04987,B303,R03,S19,S22,03-09-2026,10:05,1
TKT04988,B403,R04,S05,S01,04-09-2026,13:54,1
TKT04989,B301,R03,S16,S21,05-09-2026,18:36,3
TKT04990,B302,R03,S20,S23,06-09-2026,07:46,3
TKT04991,B301,R03,S16,S20,07-09-2026,08:53,5
TKT04992,B101,R01,S03,S05,08-09-2026,09:27,3
TKT04993,B201,R02,S15,S16,09-09-2026,15:38,1
TKT04994,B303,R03,S06,S07,10-09-2026,12:14,3
TKT04995,B103,R01,S05,S06,11-09-2026,08:30,2
TKT04996,B502,R05,S02,S03,12-09-2026,19:48,2
TKT04997,B102,R01,S06,S10,13-09-2026,15:55,3
TKT04998,B102,R01,S09,S10,14-09-2026,17:35,1
TKT04999,B401,R04,S06,S28,01-09-2026,08:07,3
TKT05000,B302,R03,S16,S06,02-09-2026,19:47,2
